RAW ,EMA-12,EMA-26,TBR-24,VOL-29,MOM-25,Task-2a,Task-2b,Task-2c,Task-2d
357.54,,,,,,0,0,0,0
356.44,,,,,,0,0,0,0
358.1,,,,,,0,0,0,0
352.03,,,,,,0,0,0,0
353.13,,,,,,0,0,0,0
350.37,,,,,,0,0,0,0
345.96,,,,,,0,0,0,0
352.58,,,,,,0,0,0,0
360.85,,,,,,0,0,0,0
360.85,,,,,,0,0,0,0
359.2,,,,,,0,0,0,0
355.89,355.245,,,,,0,0,0,0
352.03,352.5246154,,,,,0,0,0,0
350.37,350.7014793,,,,,0,0,0,0
348.16,348.5509968,,,,,0,0,0,0
341.54,342.6186149,,,,,0,0,0,0
352.58,351.0474792,,,,,0,0,0,0
352.58,352.3442276,,,,,0,0,0,0
354.79,354.4137273,,,,,0,0,0,0
361.41,360.3336504,,,,,0,0,0,0
360.85,360.7705616,,,,,0,0,0,0
361.96,361.7770095,,,,,0,0,0,0
361.96,361.9318476,,,,,0,0,0,0
358.65,359.1549,,-0.009144657,,,0,2,0,0
357.54,357.7884462,,-0.012211294,,0,0,2,0,0
363.61,362.7143763,355.4219231,0.004558515,,7.17,1,2,0,1
369.13,368.142981,368.0755325,0.015181101,,11.03,1,2,0,1
370.23,369.9089201,370.0642717,0.00297998,,18.2,2,2,0,1
371.34,371.1198339,371.2418671,0.002998136,0.017843733,18.21,2,2,2,1
374.65,374.1068975,374.3878359,0.008913664,0.019419868,24.28,2,2,2,1
380.17,379.237215,379.7252181,0.014733752,0.021432226,34.21,2,2,1,1
386.24,385.1626485,385.7388629,0.015966541,0.024353291,33.66,2,2,1,1
388.99,388.4011767,388.7399125,0.007119925,0.027922625,28.14,2,2,1,1
391.75,391.2347964,391.5184548,0.007095298,0.031394702,30.9,2,2,1,1
391.2,391.2053533,391.2244965,-0.001403957,0.034489135,32,2,2,1,1
385.68,386.5300544,386.1064997,-0.015494576,0.036225018,29.79,1,2,1,1
387.89,387.6807776,387.7528077,-0.009853223,0.037205389,35.86,2,2,1,1
387.34,387.3924273,387.3717544,-0.011257179,0.038765321,36.97,1,2,1,1
387.34,387.3480657,387.3424426,-0.011257179,0.040003848,39.18,1,2,1,1
395.62,394.3473947,394.9832648,0.009878749,0.040910311,54.08,2,2,1,1
390.65,391.21883,390.9833281,-0.01256256,0.042512713,38.07,1,2,1,1
386.24,387.0059738,386.6048714,-0.02370962,0.042651608,33.66,1,1,1,1
389.55,389.1586114,389.3234516,-0.015343006,0.041796846,34.76,2,2,1,1
385.68,386.215171,385.9602655,-0.02512512,0.040617088,24.27,1,1,1,1
388.99,388.5631032,388.7569435,-0.016758506,0.037337437,28.14,2,2,1,1
385.68,386.1235543,385.916688,-0.02512512,0.03595643,23.72,1,1,1,1
386.79,386.6874699,386.7228222,-0.022319397,0.033956697,24.83,2,1,1,1
386.79,386.7742261,386.7848325,-0.022319397,0.032056749,28.14,2,1,1,1
386.79,386.7875733,386.7896025,-0.022319397,0.030949567,29.25,2,1,1,1
395.62,394.2611651,394.9407387,0,0.029505141,32.01,2,2,1,1
395.06,394.9371023,395.0508261,-0.0014155,0.028718183,25.93,2,2,1,1
402.24,401.1164773,401.6869866,0.016733229,0.027485798,32.01,2,2,1,1
402.24,402.0671504,402.1974605,0,0.026052514,30.9,2,2,1,1
403.89,403.6095616,403.7598047,0.004102029,0.023570987,29.24,2,2,1,1
403.89,403.8468556,403.879985,0,0.022162619,23.72,2,2,1,1
399.48,400.1518239,399.8184604,-0.010918815,0.021446121,13.24,1,2,1,1
396.72,397.2479729,396.9583431,-0.017752358,0.019885185,7.73,1,2,2,1
387.34,388.8643035,388.0798725,-0.040976504,0.017859494,-4.41,1,1,2,2
388.44,388.5052775,388.4122979,-0.03825299,0.016081107,-2.76,1,1,2,2
381.27,382.3831196,381.8194075,-0.056005348,0.015200623,-4.41,1,1,2,2
382.93,382.8458646,382.8445698,-0.051895318,0.015784138,-4.96,1,1,2,2
377.41,378.2462869,377.8280438,-0.065562406,0.016271545,-9.93,1,1,2,2
371.34,372.4025057,371.8390803,-0.08059125,0.017562891,-16,1,1,2,2
367.48,368.2373086,367.8153139,-0.090148308,0.019861235,-28.14,1,1,2,2
374.1,373.1980475,373.6165626,-0.073757706,0.022529193,-16.55,2,1,1,2
371.34,371.6258535,371.5151202,-0.08059125,0.023702263,-14.9,1,1,1,2
374.1,373.7193621,373.9011631,-0.073757706,0.025159348,-15.45,2,1,1,2
368.03,368.9052865,368.4816279,-0.088786551,0.026099523,-17.65,1,1,1,2
369.13,369.0954287,369.0801252,-0.086063037,0.027504764,-19.86,1,1,1,2
366.92,367.2546813,367.0861635,-0.091534824,0.028760335,-18.76,1,1,1,2
369.68,369.3068741,369.4804741,-0.08470128,0.03023875,-17.11,2,1,1,2
368.58,368.6918268,368.6492672,-0.087424794,0.031135234,-18.21,1,1,1,2
368.58,368.5972041,368.5853282,-0.087424794,0.032125759,-18.21,1,1,1,2
368.03,368.1172622,368.0727176,-0.088786551,0.032929169,-27.59,1,1,1,2
368.03,368.0434249,368.033286,-0.088786551,0.033771861,-27.03,1,1,1,2
372.44,371.7636038,372.101022,-0.077867736,0.034476449,-29.8,2,1,1,2
371.89,371.8705544,371.9062325,-0.079229493,0.034737793,-30.35,2,1,1,2
371.34,371.4216238,371.3835563,-0.08059125,0.034982473,-32.55,1,1,1,2
365.82,366.6817883,366.2479659,-0.084259537,0.034562461,-38.07,1,1,1,2
363.61,364.0825828,363.8129205,-0.083459367,0.034473054,-35.87,1,1,1,2
365.82,365.552705,365.6656093,-0.058232932,0.033276247,-30.9,2,1,1,2
360.85,361.5734931,361.2204315,-0.071027701,0.031402889,-26.49,1,1,1,2
359.2,359.5651528,359.3554178,-0.061969551,0.029071569,-29.24,1,1,1,2
358.1,358.3254081,358.1965706,-0.064842138,0.026060211,-23.17,1,1,1,2
355.89,356.2646782,356.0674285,-0.057020217,0.023432978,-27.04,1,1,1,2
357.54,357.3437966,357.4267253,-0.044266239,0.020978293,-19.87,2,1,1,2
361.41,360.7844303,361.1035943,-0.033921411,0.020001043,-9.93,2,1,1,2
356.99,357.5737585,357.3064303,-0.045736434,0.017719513,-10.49,1,1,2,2
350.92,351.9436552,351.4112639,-0.061962042,0.017285241,-23.18,1,1,2,2
347.61,348.2767162,347.9024049,-0.070809944,0.017284159,-23.73,1,1,2,2
347.61,347.7125717,347.6324927,-0.066668457,0.018749878,-26.49,1,1,2,2
341.54,342.4896264,342.0086533,-0.082966384,0.020522154,-26.49,1,1,1,2
344.85,344.4868656,344.6314349,-0.074079046,0.023550331,-24.28,2,1,1,2
347.61,347.1295178,347.3808796,-0.066668457,0.024731801,-19.31,2,1,1,2
346.51,346.6053104,346.5769907,-0.069621953,0.025425858,-23.17,1,1,1,2
343.2,343.7238939,343.4597685,-0.07850929,0.025711029,-25.38,1,1,1,2
347.06,346.5467529,346.7830591,-0.068145205,0.026926496,-21.52,2,1,1,2
345.96,346.0502697,346.0233122,-0.0710987,0.027245192,-22.07,1,1,1,2
345.41,345.508503,345.4571779,-0.072575448,0.027733321,-22.62,1,1,1,2
350.37,349.6220774,349.9920906,-0.057866573,0.027813665,-22.07,2,1,1,2
355.61,354.6887811,355.1778531,-0.042360101,0.02737206,-16.28,2,1,1,2
358.1,357.5751971,357.8752195,-0.021103275,0.026622807,-13.24,2,1,1,2
359.75,359.4154149,359.6057861,-0.01659286,0.025884361,-6.07,2,2,1,2
363.06,362.4992946,362.7942912,-0.007544694,0.025138785,-0.55,2,2,1,2
363.61,363.4391222,363.5472532,0.001514901,0.023811646,-2.21,2,2,1,2
366.37,365.9190957,366.1528656,0.00759055,0.022533527,5.52,2,2,1,1
372.99,371.9021686,372.4640666,0.018069165,0.021631362,13.79,2,2,1,1
366.92,367.6864875,367.3464667,-0.016273895,0.022959137,8.82,1,2,1,1
365.82,366.1071519,365.9374205,-0.019223035,0.023370132,9.93,1,2,1,1
366.92,366.7949464,366.844417,-0.016273895,0.023367638,9.38,2,2,1,1
366.37,366.4353764,366.4064936,-0.017748465,0.023988424,4.96,1,2,1,1
366.92,366.8454425,366.8804995,-0.016273895,0.024587457,9.93,2,2,1,1
366.92,366.9085296,366.9169615,-0.016273895,0.025249127,16,2,2,1,1
364.72,365.0566969,364.888997,-0.022172176,0.025881241,17.11,1,1,1,1
366.92,366.633338,366.763769,-0.016273895,0.026228142,19.31,2,2,1,1
369.13,368.7458982,368.9479822,-0.010348803,0.0266522,27.59,2,2,1,1
365.27,365.8047536,365.5529217,-0.020697606,0.02740705,20.42,1,1,1,1
363.61,363.9476544,363.7594555,-0.025148127,0.027481452,16,1,1,1,1
365.27,365.0665622,365.1538043,-0.020697606,0.027061353,18.76,2,1,1,1
361.41,361.972548,361.6979849,-0.031046409,0.026649896,18.21,1,1,1,1
365.27,364.7626997,364.9952296,-0.020697606,0.024952008,18.21,2,1,1,1
365.82,365.6573384,365.7565561,-0.019223035,0.023788705,19.86,2,2,1,1
360.85,361.5895905,361.2274274,-0.032547789,0.022932383,15.44,1,1,1,1
358.1,358.6368601,358.3405713,-0.039920641,0.021588058,7.73,1,1,1,1
358.65,358.6479785,358.6261978,-0.038446071,0.01936486,3.04,1,1,2,1
357.54,357.7104582,357.6235537,-0.041422022,0.017764142,-0.56,1,1,2,2
357.54,357.5662243,357.5464272,-0.041422022,0.015710182,-2.21,1,1,2,2
357.54,357.5440345,357.5404944,-0.041422022,0.013058364,-5.52,1,1,2,2
358.1,358.0144668,358.0569611,-0.039920641,0.011570001,-5.51,2,1,2,2
359.2,359.0176103,359.1120739,-0.036971501,0.011171959,-7.17,2,1,2,2
356.99,357.30194,357.1532365,-0.032888142,0.011041261,-16,1,1,2,2
354.79,355.1764523,354.9717874,-0.038848102,0.01139104,-12.13,1,1,2,2
344.85,346.438685,345.628599,-0.065776285,0.012250444,-20.97,1,1,2,2
345.96,346.0336438,345.9345076,-0.062769214,0.015455827,-20.96,1,1,2,2
340.44,341.3005606,340.8626544,-0.077723295,0.017525801,-25.93,1,1,2,2
341.54,341.5031632,341.4878965,-0.074743315,0.019743526,-25.38,1,1,2,2
339.34,339.6727943,339.5052228,-0.080703275,0.021808497,-27.58,1,1,1,2
339.89,339.8565837,339.8604018,-0.079213285,0.024009706,-24.83,2,1,1,2
339.89,339.884859,339.8877232,-0.079213285,0.025565285,-27.03,2,1,1,2
344.85,344.0861322,344.4682864,-0.057323274,0.026815626,-24.28,2,1,1,2
349.82,348.9378665,349.4083297,-0.043737357,0.026997535,-15.45,2,1,1,2
353.68,352.950441,353.35141,-0.03318572,0.02656502,-9.93,2,1,1,2
353.68,353.5677602,353.6547238,-0.03318572,0.02612809,-11.59,2,1,1,2
354.23,354.1281169,354.185748,-0.031682248,0.025363926,-7.18,2,1,1,2
351.75,352.1158641,351.9373652,-0.038461538,0.024149228,-13.52,1,1,1,2
351.47,351.5693637,351.5059512,-0.02599418,0.02342277,-14.35,1,1,1,2
356.99,356.156056,356.5681501,-0.006152561,0.022812425,-3.86,2,2,1,2
368.03,366.2032394,367.1483192,0.024582405,0.021947158,9.93,2,2,1,1
368.03,367.7489599,367.9621784,0,0.022922579,9.38,2,2,1,1
368.03,367.9867631,368.024783,0,0.023375962,10.49,2,2,1,1
375.75,374.5556559,375.1557525,0.020976551,0.02371951,18.21,2,2,1,1
372.44,372.7654855,372.648904,-0.008809049,0.026198307,14.9,1,2,1,1
371.34,371.5593055,371.4406849,-0.011736527,0.027851354,13.24,1,2,1,1
372.44,372.3045085,372.3631296,-0.008809049,0.029130702,13.24,2,2,1,1
368.58,369.1530013,368.87101,-0.019081836,0.030503129,11.59,1,2,1,1
365.82,366.3327694,366.0546931,-0.026427146,0.031240179,11.03,1,1,1,1
366.37,366.3642722,366.3457456,-0.024963407,0.031645494,21.52,1,1,1,1
366.37,366.3691188,366.3681343,-0.024963407,0.032064324,20.41,1,1,1,1
370.23,369.6360183,369.9329334,-0.014690619,0.032426896,29.79,2,2,1,1
374.65,373.8786182,374.2871487,-0.002927478,0.033141988,33.11,2,2,1,1
377.96,377.3320951,377.677473,0.00588157,0.034272314,38.62,2,2,1,1
382.37,381.5949377,382.0090364,0.011667901,0.034964341,42.48,2,2,1,1
385.13,384.5861443,384.8899259,0.007218139,0.036127132,45.24,2,2,1,1
390.1,389.2517145,389.6992251,0.012904733,0.03654982,45.25,2,2,1,1
388.99,389.0302638,389.0445558,-0.002845424,0.037496871,39.17,2,2,1,1
385.13,385.7300406,385.4311197,-0.012740323,0.03724084,31.45,1,2,1,1
382.37,382.8869293,382.6054707,-0.019815432,0.035907302,28.69,1,2,1,1
377.41,378.2526045,377.8096516,-0.03253012,0.033673332,23.18,1,1,1,1
379.61,379.4011699,379.4715117,-0.026890541,0.031500703,27.86,2,1,1,1
382.37,381.9132569,382.1470394,-0.019815432,0.030039882,30.9,2,2,1,1
385.68,385.1005011,385.4082338,-0.011330428,0.029158901,28.69,2,2,1,1
380.72,381.3939232,381.0806334,-0.024045117,0.028344778,12.69,1,1,1,1
376.3,377.0836805,376.667741,-0.035375545,0.026852861,8.27,1,1,1,1
378.51,378.2905662,378.3682878,-0.029710331,0.0242931,10.48,2,1,1,1
380.72,380.346241,380.5390991,-0.024045117,0.021167126,4.97,2,1,1,1
380.72,380.6624986,380.7060845,-0.024045117,0.01897491,8.28,2,1,2,1
381.82,381.6419229,381.7343142,-0.021225327,0.018554668,10.48,2,1,2,1
387.89,386.9287574,387.4164857,-0.005665214,0.018096051,15.45,2,2,2,1
388.99,388.6728857,388.8689604,-0.002845424,0.018110573,20.41,2,2,2,1
387.89,388.010444,387.9653046,-0.005665214,0.018804315,22.07,1,2,2,1
388.44,388.3739145,388.403485,-0.004255319,0.019036565,22.07,2,2,2,1
392.86,392.169833,392.5171912,0.007075109,0.019093595,26.49,2,2,2,1
392.31,392.2884358,392.3259378,-0.00139999,0.019711274,22.08,2,2,2,1
391.75,391.8328363,391.7943029,-0.002825434,0.019527928,17.1,1,2,2,1
384.58,385.695821,385.1349464,-0.02107621,0.018485668,6.62,1,1,2,1
379.61,380.5462801,380.0349959,-0.033727027,0.016663585,-2.76,1,1,2,2
382.37,382.0894277,382.1903843,-0.026701624,0.014540666,-2.76,2,1,2,2
377.41,378.129912,377.7777219,-0.039326987,0.012963856,-12.69,1,1,2,2
372.99,373.7807557,373.3582863,-0.050577814,0.012553586,-16,1,1,2,2
377.96,377.3170393,377.606022,-0.037926997,0.01333337,-7.17,2,1,2,2
380.72,380.1964676,380.4804632,-0.030901593,0.013614128,-1.65,2,1,2,2
384.58,383.9056104,384.264651,-0.02107621,0.01366115,7.17,2,1,2,1
393.96,392.4131708,393.2142039,0.00279998,0.01325799,14.35,2,2,2,1
397.27,396.5227955,396.9580157,0.008401868,0.013969163,14.9,2,2,2,1
394.51,394.8196608,394.6983089,-0.006947416,0.015467852,8.83,1,2,2,1
385.13,386.6207171,385.8660238,-0.030558562,0.016272968,4.41,1,1,2,1
386.79,386.7639565,386.7189249,-0.026380044,0.015893924,10.49,1,1,2,1
382.93,383.5198395,383.2214558,-0.036096358,0.015726153,4.42,1,1,2,1
383.48,383.4861291,383.460112,-0.034711909,0.015705885,2.76,1,1,2,1
387.89,387.2124814,387.5492394,-0.023611146,0.015710096,7.17,2,1,2,1
386.24,386.3896125,386.3407107,-0.027764493,0.015638347,4.42,1,1,2,1
384.03,384.3930173,384.207747,-0.03332746,0.015015628,-3.86,1,1,2,2
382.37,382.6812334,382.5113652,-0.037505978,0.014634725,-6.62,1,1,2,2
384.03,383.8224975,383.9131819,-0.03332746,0.014520245,-3.86,2,1,2,2
388.44,387.729615,388.0917832,-0.022226697,0.014328009,0,2,1,2,0
380.17,381.3330177,380.7793679,-0.043043774,0.014248846,-12.69,1,1,2,2
370.23,371.9381566,371.0414898,-0.06806454,0.014505346,-22.08,1,1,2,2
360.85,362.5558702,361.6339608,-0.091675687,0.016240246,-30.9,1,1,2,2
365.82,365.3178262,365.497997,-0.079165303,0.019963336,-18.76,2,1,2,2
367.48,367.1473579,367.3275382,-0.074986785,0.021728246,-12.13,2,1,1,2
369.68,369.2903628,369.4990414,-0.069448989,0.022513703,-12.69,2,1,1,2
364.72,365.4231327,365.0876186,-0.081934201,0.022804207,-12.69,1,1,1,2
360.85,361.5535589,361.1759707,-0.091675687,0.023680811,-12.14,1,1,1,2
366.37,365.6290091,365.9704593,-0.077780854,0.025501413,-11.59,2,1,1,2
370.23,369.5221552,369.902343,-0.06806454,0.026349185,-10.49,2,1,1,2
365.82,366.3895623,366.1340264,-0.079165303,0.026701839,-18.76,1,1,1,2
362.51,363.1068557,362.7887713,-0.087497168,0.027487068,-31.45,1,1,1,2
354.79,356.0695163,355.4052901,-0.100681859,0.028515891,-42.48,1,1,1,2
344.85,346.5760794,345.6619454,-0.112218103,0.030817538,-49.66,1,1,1,2
343.75,344.1847815,343.8970727,-0.115049943,0.034750378,-41.38,1,1,1,2
342.65,342.8861202,342.7459287,-0.117881784,0.038050184,-44.14,1,1,1,2
344.3,344.08248,344.1804561,-0.113634023,0.040005999,-38.63,2,1,1,2
344.3,344.2665354,344.2908043,-0.113634023,0.040514643,-39.18,2,1,1,2
348.72,348.0348516,348.3792926,-0.102255175,0.040832777,-39.17,2,1,1,2
343.2,343.9438233,343.5984071,-0.116465863,0.041317415,-43.04,1,1,1,2
342.65,342.8490497,342.7229544,-0.117881784,0.042014861,-41.38,1,1,1,2
346.51,345.9467769,346.2186888,-0.107944599,0.042820778,-35.86,2,1,1,2
346.51,346.4233503,346.4875914,-0.107944599,0.042737756,-37.52,2,1,1,2
346.51,346.4966693,346.5082763,-0.088539338,0.041674923,-41.93,2,1,1,2
344.3,344.6379491,344.4698674,-0.070037544,0.040451258,-35.87,1,1,1,2
344.3,344.3519922,344.3130667,-0.070037544,0.039381993,-25.93,1,1,1,2
345.96,345.7126142,345.8333128,-0.065553845,0.038150793,-14.89,2,1,1,2
352.58,351.5234791,352.0610241,-0.047673068,0.035952822,-13.24,2,1,1,2
355.34,354.7528429,355.0877711,-0.040218243,0.031610225,-12.14,2,1,1,2
354.79,354.7842835,354.8129055,-0.041703806,0.028597744,-14.89,2,1,1,2
349.82,350.5837359,350.2040697,-0.055127893,0.027289633,-14.9,1,1,1,2
340.99,342.4659594,341.6987746,-0.078977933,0.027116106,-19.86,1,1,1,2
339.34,339.8209168,339.5214442,-0.083434622,0.027012355,-27.03,1,1,1,2
331.61,332.873218,332.2185726,-0.093515937,0.026617784,-38.62,1,1,1,2
336.03,335.5443412,335.7368133,-0.073046261,0.026694923,-29.79,2,1,1,2
329.4,330.3452833,329.8874472,-0.073000507,0.02648724,-33.11,1,1,1,2
334.92,334.2161974,334.5328806,-0.057466089,0.0276636,-19.87,2,1,1,2
324.99,326.409415,325.7240677,-0.085411156,0.026598247,-19.86,1,1,1,2
329.96,329.4137562,329.6341591,-0.071424551,0.025797697,-13.79,2,1,1,2
333.82,333.1421163,333.4980122,-0.060561716,0.024377258,-8.83,2,1,1,2
336.03,335.5857102,335.8352317,-0.05434232,0.022621107,-8.27,2,1,1,2
334.92,335.022417,334.9904024,-0.057466089,0.021894664,-9.38,1,1,1,2
340.99,340.0719103,340.5284925,-0.040383858,0.022180695,-7.73,2,1,1,2
349.82,348.3202939,349.1052687,-0.015534418,0.022140555,6.62,2,2,1,1
357.54,356.1215837,356.8911745,0.006191253,0.022545985,14.89,2,2,1,1
353.13,353.5902436,353.4193211,-0.012334284,0.024048045,6.62,1,2,1,1
355.89,355.5361913,355.6999478,-0.004614868,0.024702348,9.38,2,2,1,1
358.65,358.1709525,358.4230729,0.003104548,0.025500498,12.14,2,2,1,1
353.13,353.9055312,353.5371595,-0.01539105,0.02685351,8.83,1,2,1,1
354.79,354.6539279,354.6936277,-0.010762582,0.027314238,10.49,2,2,1,1
355.34,355.2344504,355.2902791,-0.009229053,0.027890808,9.38,2,2,1,1
360.3,359.5206847,359.9146369,0.004600586,0.028475336,7.72,2,2,1,1
363.06,362.51549,362.818049,0.007660283,0.029663324,7.72,2,2,1,1
360.3,360.6408446,360.4936961,-0.007602049,0.031160463,5.51,1,2,1,1
352.58,353.8201299,353.1887459,-0.028865752,0.032097411,2.76,1,1,1,1
355.34,355.1061738,355.1745189,-0.021263703,0.032248326,14.35,2,1,1,1
358.65,358.104796,358.3826553,-0.012146753,0.032418369,19.31,2,2,1,1
363.06,362.2976609,362.7002043,0,0.03270701,31.45,2,2,1,1
365.27,364.8127171,365.0723234,0.006087148,0.033568381,29.24,2,2,1,1
363.06,363.3296488,363.2147941,-0.006050319,0.034899336,33.66,1,2,1,1
364.72,364.5060998,364.6042149,-0.001505735,0.0355786,29.8,2,2,1,1
361.41,361.886323,361.6557088,-0.010567525,0.036182686,36.42,1,2,1,1
362.51,362.4140497,362.4442853,-0.007556054,0.035293851,32.55,2,2,1,1
360.85,361.090623,360.9726373,-0.012100638,0.03488991,27.03,1,2,1,1
365.82,365.0924035,365.4471259,0.001505735,0.03299818,29.79,2,2,1,1
357.54,358.7019082,358.1482405,-0.022634082,0.032246953,22.62,1,1,1,1
354.79,355.391832,355.0483262,-0.030151441,0.028252994,13.8,1,1,1,1
353.13,353.4779742,353.2775636,-0.034689191,0.02483784,3.31,1,1,1,1
353.68,353.6489191,353.6490434,-0.03318572,0.021914678,-3.86,2,1,1,2
351.47,351.8052183,351.6376187,-0.039226942,0.019067627,-1.66,1,1,2,2
343.2,344.5238797,343.8490476,-0.061833689,0.015297988,-12.69,1,1,2,2
337.68,338.7329046,338.1545421,-0.076923077,0.014668552,-20.97,1,1,2,2
344.3,343.4435238,343.8272725,-0.058826745,0.017534201,-8.83,2,1,2,2
352.03,350.7090037,351.399021,-0.037696135,0.018748852,-2.76,2,1,2,2
350.37,350.4221544,350.4491555,-0.042233886,0.018819077,-4.97,2,1,2,2
353.13,352.7134084,352.9237812,-0.034689191,0.019093808,-7.17,2,1,2,2
353.13,353.065909,353.114137,-0.034689191,0.019131183,-9.93,2,1,2,2
358.1,357.3255245,357.7164721,-0.021103275,0.019121979,-2.2,2,1,2,2
359.75,359.3770038,359.5935748,-0.01659286,0.019125486,7.17,2,2,2,1
357.54,357.822616,357.6979673,-0.022634082,0.01920052,2.2,1,1,2,1
359.2,358.9880948,359.084459,-0.018096332,0.019098495,0.55,2,2,2,1
362.51,361.9681684,362.2464968,-0.009048166,0.018819194,-0.55,2,2,2,2
355.89,356.8251028,356.3789613,-0.027144497,0.018998265,-9.38,1,1,2,2
358.65,358.3692466,358.4753047,-0.019599803,0.018885512,-4.41,2,2,2,2
358.1,358.1414226,358.1288696,-0.021103275,0.018908727,-6.62,1,1,2,2
358.1,358.1063727,358.1022207,-0.021103275,0.018894159,-3.31,1,1,2,2
360.85,360.4279035,360.6386324,-0.013585917,0.018585131,-1.66,2,2,2,2
361.96,361.7242928,361.8583563,-0.010551637,0.018126811,1.11,2,2,2,1
361.41,361.4583527,361.4444889,-0.003034399,0.01802004,-4.41,1,2,2,2
363.06,362.8135927,362.9357299,0.0015172,0.017655375,5.52,2,2,2,1
371.34,370.028245,370.6935177,0.022806148,0.017801587,16.55,2,2,2,1
375.2,374.4043454,374.8533475,0.010394786,0.019216521,22.07,2,2,2,1
375.2,375.0775916,375.1733344,0,0.02144529,21.52,2,2,1,1
377.41,377.0511679,377.2379488,0.005890192,0.023009316,25.94,2,2,1,1
377.96,377.8201797,377.9044576,0.001457301,0.025238063,34.76,2,2,1,1
380.72,380.2738738,380.5034198,0.00730236,0.027148519,43.04,2,2,1,1
381.27,381.1167498,381.2110323,0.001444631,0.029153981,36.97,2,2,1,1
380.72,380.7810384,380.7577717,-0.001442547,0.030907573,28.69,1,2,1,1
383.48,383.0647751,383.2705978,0.005796417,0.032046613,33.11,2,2,1,1
384.58,384.3468885,384.4792768,0.002868468,0.032218541,31.45,2,2,1,1
379.06,379.8733675,379.4768674,-0.014353321,0.030942751,25.93,1,2,1,1
380.72,380.5897488,380.6243744,-0.010036923,0.029677762,22.62,2,2,1,1
377.96,378.3645767,378.1649519,-0.017213584,0.029545407,18.21,1,2,1,1
377.96,378.0222426,377.9757655,-0.017213584,0.028606875,20.42,1,2,1,1
377.96,377.9695758,377.9612127,-0.017213584,0.027847417,18.76,1,2,1,1
380.17,379.8314732,380.0000933,-0.011467055,0.02685546,17.66,2,2,1,1
379.06,379.1786882,379.1323149,-0.014353321,0.026558437,23.17,1,2,1,1
376.86,377.2167213,377.0347935,-0.020073847,0.026211423,18.21,1,1,1,1
376.86,376.9148802,376.8734457,-0.020073847,0.025292736,18.76,1,1,1,1
376.86,376.8684431,376.8610343,-0.020073847,0.024460235,18.76,1,1,1,1
374.1,374.5259143,374.3123873,-0.027250507,0.02393958,13.25,1,1,1,1
375.2,375.0962945,375.1317221,-0.024390244,0.022175905,13.24,2,1,1,1
371.89,372.3832761,372.1393632,-0.032997036,0.020729869,10.48,1,1,1,1
368.58,369.1651194,368.8537972,-0.041603828,0.018998908,5.52,1,1,2,1
376.86,375.6761722,376.2441382,-0.020073847,0.017238461,5.52,2,1,2,1
370.79,371.5417188,371.2095491,-0.035857299,0.015559218,-4.41,1,1,2,2
368.03,368.5702644,368.2745807,-0.043033959,0.014097062,-7.17,1,1,2,2
365.82,366.2431176,366.0088139,-0.048780488,0.012642354,-11.59,1,1,2,2
365.27,365.4197104,365.3268318,-0.050210619,0.011958136,-12.69,1,1,2,2
362.51,362.9576478,362.7266794,-0.05738728,0.012966081,-18.21,1,1,2,2
373.55,371.9204073,372.7174369,-0.028680639,0.014647221,-7.72,2,1,2,2
374.65,374.2300627,374.5013413,-0.025820375,0.014689152,-6.07,2,1,2,2
375.2,375.0507789,375.146257,-0.024390244,0.014678526,-8.28,2,1,2,2
373.55,373.7808891,373.672789,-0.018832738,0.014639913,-11.03,1,2,2,2
374.1,374.050906,374.0671376,-0.017388107,0.014440448,-4.96,2,2,2,2
375.2,375.0232163,375.1128567,-0.013073099,0.014133541,-5.52,2,2,2,2
373.55,373.7766487,373.6702197,-0.017413262,0.013844608,-4.41,1,2,2,2
374.65,374.5156383,374.5746323,-0.01451982,0.013143172,-3.31,2,2,2,2
370.23,370.889329,370.5642025,-0.026146198,0.012105074,-7.73,1,1,2,2
374.65,374.0714352,374.3357079,-0.011634042,0.011992973,-5.52,2,2,2,2
374.1,374.0956054,374.1181314,-0.007323675,0.011480393,-4.96,2,2,2,2
372.44,372.6947085,372.569087,-0.011728493,0.011273144,-4.42,1,2,2,2
370.79,371.0830321,370.9268528,-0.016106777,0.011053617,-6.07,1,2,2,2
370.23,370.3612357,370.2836041,-0.01759274,0.010861207,-6.63,1,2,2,2
368.58,368.8540363,368.7110465,-0.021971024,0.01031189,-5.52,1,1,2,2
380.72,378.8944671,379.7962343,0.01024253,0.009962481,5.52,2,2,2,1
379.61,379.499918,379.6243257,-0.002915528,0.010578068,7.72,2,2,2,1
393.41,391.2699874,392.3495635,0.033331582,0.010937164,24.83,2,2,2,1
391.2,391.2107673,391.288428,-0.005617549,0.014939869,14.34,2,2,2,1
392.31,392.1408873,392.2314175,-0.002796065,0.017393968,21.52,2,2,2,1
400.58,399.281675,399.9378013,0.018225261,0.019626524,32.55,2,2,2,1
402.24,401.7848731,402.0629078,0.004143991,0.02339404,36.42,2,2,1,1
404.44,404.0315189,404.2571468,0.005469372,0.026503158,39.17,2,2,1,1
407.2,406.7125414,406.9736267,0.006824251,0.029746512,44.69,2,2,1,1
406.1,406.1942371,406.1672021,-0.002701375,0.03275892,32.55,1,2,1,1
401.13,401.9091134,401.5174771,-0.01490668,0.034745234,26.48,1,2,1,1
394.51,395.6483251,395.0490367,-0.031164047,0.035297491,19.31,1,1,1,1
397.82,397.4858962,397.606849,-0.023035363,0.034758893,24.27,2,1,1,1
391.75,392.6324456,392.2005268,-0.037942043,0.033915654,17.65,1,1,1,1
388.99,389.5503762,389.2369636,-0.044720039,0.033675219,13.79,1,1,1,1
392.86,392.3508271,392.5813049,-0.03521611,0.033321533,19.31,2,1,1,1
391.2,391.3770503,391.3062542,-0.039292731,0.033113072,16.55,1,1,1,1
390.65,390.7618539,390.7004811,-0.040643418,0.032606663,20.42,1,1,1,1
395.06,394.3987468,394.7246524,-0.02981336,0.032038163,20.41,2,1,1,1
405.55,403.8344226,404.717281,-0.004052063,0.03164814,31.45,2,2,1,1
403.89,403.8814496,403.953637,-0.008128684,0.031906096,31.45,2,2,1,1
405.55,405.2932999,405.4272028,-0.004052063,0.031833911,34.76,2,2,1,1
405.55,405.5105077,405.5405541,-0.004052063,0.031089374,35.32,2,2,1,1
406.1,406.0093089,406.0569657,-0.002701375,0.030670008,37.52,2,2,1,1
402.79,403.2852783,403.0413051,-0.010830059,0.029969297,22.07,1,2,1,1
412.17,410.8031197,411.4677927,0.012205305,0.028396327,32.56,2,2,1,1
411.07,411.0289415,411.1005994,-0.002668802,0.027082505,17.66,2,2,1,1
417.13,416.1913756,416.6662,0.01203387,0.024886626,25.93,2,2,1,1
418.24,417.924827,418.1189385,0.002661041,0.022355669,25.93,2,2,1,1
415.48,415.8561272,415.6829953,-0.006599082,0.022223246,14.9,1,2,1,1
415.48,415.5378657,415.495615,-0.006599082,0.020895715,13.24,1,2,1,1
409.96,410.8181332,410.3858165,-0.019797246,0.021428147,5.52,1,2,1,1
407.2,407.7566359,407.4450628,-0.026396327,0.020980817,0,1,1,1,0
411.07,410.5602517,410.7911587,-0.017143267,0.020383121,4.97,2,2,1,1
416.58,415.6538849,416.1347045,-0.003969013,0.020583792,15.45,2,2,1,1
420.45,419.7121361,420.1180542,0.005284047,0.021324682,25.94,2,2,1,1
420.45,420.3364825,420.4244657,0,0.022513747,22.63,2,2,1,1
420.45,420.4325358,420.4480358,0,0.023552414,28.7,2,2,1,1
421,420.9126978,420.9575412,0.001308122,0.024490168,32.01,2,2,1,1
420.45,420.5211843,420.4890416,-0.001306413,0.025254207,27.59,1,2,1,1
419.34,419.5217207,419.4283878,-0.003942993,0.025260045,28.14,1,2,1,1
422.65,422.1687263,422.4021837,0.00391924,0.02530166,32,2,2,1,1
421.55,421.6451887,421.6155526,-0.002602626,0.024766363,26.49,1,2,1,1
420.45,420.6338752,420.5396579,-0.005205253,0.023307553,14.9,1,2,1,1
421.55,421.4090577,421.4722814,-0.002602626,0.022086899,17.66,2,2,1,1
422.1,421.9937012,422.051714,-0.001301313,0.020268915,16.55,2,2,1,1
422.1,422.0836463,422.0962857,-0.001301313,0.017816967,16.55,2,2,2,1
421.55,421.6320994,421.592022,-0.002602626,0.015841703,15.45,1,2,2,1
418.24,418.7618615,418.4978478,-0.010434165,0.015485668,15.45,1,2,2,1
421,420.655671,420.8075268,-0.003903939,0.014550129,8.83,2,2,2,1
422.1,421.8777955,422.000579,-0.001301313,0.013869007,11.03,2,2,2,1
422.65,422.5311993,422.6000445,0,0.013099739,5.52,2,2,2,1
418.79,419.3655691,419.0830803,-0.009132852,0.012280264,0.55,1,2,2,1
419.89,419.8093183,419.8279293,-0.006530226,0.01017182,4.41,2,2,2,1
418.24,418.4814336,418.3621484,-0.010434165,0.009793447,2.76,1,2,2,1
419.34,419.2079129,419.2647806,-0.007831539,0.009169476,9.38,2,2,2,1
414.38,415.1227558,414.7557524,-0.019567018,0.009142291,7.18,1,2,2,1
412.72,413.0896547,412.8765963,-0.023494617,0.009358313,1.65,1,1,2,1
407.2,408.1061007,407.6366613,-0.036555069,0.009636504,-9.38,1,1,2,2
409.41,409.2094001,409.2735893,-0.031326156,0.010823047,-11.04,2,1,2,2
411.07,410.7837539,410.9318146,-0.027398557,0.01091144,-9.38,2,1,2,2
408.31,408.6905775,408.511678,-0.033928783,0.010218011,-12.14,1,1,2,2
408.31,408.3685504,408.3255137,-0.033928783,0.01069065,-12.69,1,1,2,2
409.96,409.7151616,409.8342703,-0.030024843,0.011572604,-10.49,2,1,2,2
404.44,405.2515633,404.8549439,-0.043085295,0.01207358,-14.9,1,1,2,2
407.75,407.3656251,407.5273034,-0.035253756,0.013368137,-14.9,2,1,2,2
404.44,404.8900962,404.6774849,-0.043085295,0.013920627,-17.11,1,1,2,2
400.03,400.7777071,400.3874988,-0.053519461,0.014813526,-20.42,1,1,2,2
395.62,396.4134934,395.9867307,-0.063953626,0.016331425,-25.93,1,1,2,2
393.96,394.3374605,394.1159024,-0.067881226,0.018478248,-28.14,1,1,2,2
402.24,401.0242247,401.6150694,-0.048290548,0.020267912,-19.86,2,1,1,2
399.48,399.717573,399.6442361,-0.054820774,0.020549541,-22.07,1,1,1,2
402.79,402.3173189,402.5480182,-0.046989235,0.021097385,-15.45,2,1,1,2
405.55,405.0526645,405.3190783,-0.040459009,0.021036597,-15.45,2,1,1,2
407.2,406.8696407,407.0553137,-0.036555069,0.020598592,-14.9,2,1,1,2
407.2,407.1491755,407.1888703,-0.030222201,0.019978311,-15.45,2,1,2,2
406.65,406.7267962,406.6914516,-0.031532068,0.01932087,-12.14,1,1,2,2
406.65,406.6618148,406.6531886,-0.03026184,0.018962003,-13.24,1,1,2,2
407.75,407.5825869,407.6656299,-0.02763867,0.018196186,-10.49,2,1,2,2
415.48,414.2650134,414.8788946,0.002654568,0.017096052,-3.86,2,2,2,2
418.79,418.0938482,418.4891457,0.007966689,0.016092738,4.41,2,2,2,1
423.2,422.4144382,422.8376266,0.010530337,0.016086748,10.48,2,2,2,1
427.62,426.8191443,427.2521251,0.010444234,0.016657744,20.42,2,2,2,1
425.41,425.6267914,425.5517019,-0.00516814,0.018320974,16,1,2,2,1
424.86,424.9779679,424.9132078,-0.006454329,0.019262007,13.79,1,2,2,1
418.24,419.2766104,418.7533237,-0.021935363,0.020462631,9.93,1,1,1,1
416.58,416.9948631,416.7471787,-0.025817314,0.020815244,8.27,1,1,1,1
410.51,411.5076713,410.989783,-0.04001216,0.021043244,0.55,1,1,1,1
413.82,413.4642571,413.602291,-0.032271643,0.021039145,9.38,2,1,1,1
409.41,410.0337319,409.7324839,-0.042584538,0.021118398,1.66,1,1,1,1
408.31,408.5751895,408.4194218,-0.045156915,0.021108379,3.87,1,1,1,1
411.07,410.686183,410.8661094,-0.038702586,0.021103477,11.04,2,1,1,1
411.07,411.0109512,411.0543161,-0.038702586,0.021109463,15.45,2,1,1,1
414.38,413.8616848,414.1241782,-0.030962069,0.020945434,20.42,2,1,1,1
409.96,410.5602592,410.2803214,-0.041298349,0.021001013,7.72,1,1,1,1
408.31,408.6561937,408.4615632,-0.045156915,0.020815288,8.83,1,1,1,1
410.51,410.224799,410.3524279,-0.04001216,0.020244279,7.72,2,1,1,1
409.96,410.0007383,409.9901868,-0.041298349,0.018936803,4.41,1,1,2,1
410.51,410.431652,410.4700144,-0.04001216,0.017105788,3.31,2,1,2,1
408.31,408.636408,408.476155,-0.045156915,0.016510596,1.11,1,1,2,1
409.96,409.7563705,409.8458581,-0.041298349,0.01551724,3.31,2,1,2,1
409.41,409.4632878,409.4435275,-0.042584538,0.0148896,2.76,1,1,2,1
411.07,410.8228135,410.9448867,-0.038702586,0.014589147,3.32,2,1,2,1
411.62,411.4973559,411.5680682,-0.037416398,0.014369278,-3.86,2,1,2,2
415.48,414.8672855,415.1790822,-0.028389692,0.014118884,-3.31,2,1,2,2
422.1,420.9872747,421.5676217,-0.012908657,0.013798874,-1.1,2,2,2,2
422.65,422.3941961,422.5667401,-0.006487859,0.013917458,-4.97,2,2,2,2
419.89,420.2752609,420.0959031,-0.011697971,0.014096341,-5.52,1,2,2,2
422.1,421.8192709,421.9458387,-0.001301313,0.014282846,-2.76,2,2,2,2
420.45,420.6606571,420.5650645,-0.005205253,0.014549143,2.21,1,2,2,1
412.17,413.4762549,412.8157742,-0.02479593,0.014285085,-4.41,1,1,2,2
406.65,407.7001931,407.1242903,-0.037856382,0.01303831,-3.86,1,1,2,2
414.38,413.3523374,413.8218685,-0.019567018,0.012389307,0.56,2,2,2,1
414.38,414.2218981,414.3370668,-0.019567018,0.011239457,4.97,2,2,2,1
407.75,408.7456766,408.2566974,-0.035253756,0.011016491,-0.56,1,1,2,2
409.96,409.773181,409.8289767,-0.030024843,0.011141877,-1.11,2,1,2,2
412.17,411.8012586,411.9899213,-0.02479593,0.011165939,1.1,2,1,2,1
415.48,414.9140398,415.2115324,-0.016964391,0.011154377,1.1,2,2,2,1
421,420.0636984,420.5547333,-0.003903939,0.011108668,11.04,2,2,2,1
419.34,419.4513382,419.433441,-0.007831539,0.011467044,11.03,1,2,2,1
421.55,421.227129,421.3871878,-0.002602626,0.011716677,11.04,2,2,2,1
422.65,422.4310968,422.5528606,0,0.012164923,12.69,2,2,2,1
421.55,421.6855533,421.6271431,-0.002602626,0.012762596,11.04,1,2,2,1
419.34,419.7008544,419.5159341,-0.007831539,0.012990057,11.03,1,2,2,1
417.13,417.5255161,417.3135334,-0.013060452,0.012791931,7.17,1,2,2,1
419.89,419.5262332,419.6918103,-0.006530226,0.01263285,10.48,2,2,2,1
425.41,424.5048051,424.9701393,0.006530226,0.012523079,14.34,2,2,2,1
423.76,423.8745854,423.8530876,-0.003878611,0.012994737,12.14,1,2,2,1
421.55,421.9076285,421.7271606,-0.0090736,0.012870123,6.07,1,2,2,1
424.86,424.405789,424.6190124,-0.00129287,0.012628264,2.76,2,2,2,1
423.2,423.385506,423.3091548,-0.005194988,0.012534705,0.55,1,2,2,1
416.58,417.6270009,417.0976273,-0.020756447,0.012368223,-3.31,1,1,2,2
418.24,418.1456924,418.1521252,-0.016854329,0.012017024,-3.86,2,2,2,2
418.24,418.2254911,418.2332404,-0.016854329,0.01194258,-2.21,2,2,2,2
418.24,418.2377679,418.23948,-0.016854329,0.011826809,6.07,2,2,2,1
414.93,415.4388874,415.1845754,-0.024635058,0.011663531,8.28,1,1,2,1
416.58,416.4044442,416.4726596,-0.020756447,0.011722316,2.2,2,1,2,1
401.13,403.4799145,402.3102046,-0.057074352,0.011599379,-13.25,1,1,2,2
405.55,405.2315253,405.300785,-0.046684375,0.013695917,-2.2,2,1,2,2
416.86,415.0710039,415.9708296,-0.020098258,0.014473015,6.9,2,1,2,1
418.79,418.2178468,418.5731407,-0.015561458,0.013674388,6.62,2,2,2,1
419.34,419.167361,419.2810108,-0.014268588,0.013622595,3.86,2,2,2,1
419.34,419.3134402,419.3354624,-0.014268588,0.013572959,-1.66,2,2,2,2
417.13,417.4659139,417.299651,-0.019463576,0.012807502,-2.21,1,2,2,2
416.58,416.7162944,416.6353578,-0.020756447,0.012270673,-4.97,1,1,2,2
417.13,417.066353,417.0919506,-0.019463576,0.011975164,-5.52,2,2,2,2
419.34,418.9902082,419.1670731,-0.014268588,0.011912452,-2.21,2,2,2,2
421.55,421.1561859,421.3666979,-0.0090736,0.011861359,2.21,2,2,2,1
423.76,423.3594132,423.5758998,-0.003878611,0.011934283,6.63,2,2,2,1
423.2,423.2245251,423.2289154,-0.005194988,0.012089031,3.31,2,2,2,1
424.86,424.6083885,424.734532,0,0.012127465,-0.55,2,2,2,2
424.86,424.8212905,424.8503486,0,0.012377314,1.1,2,2,2,1
421.55,422.0532755,421.803873,-0.007790802,0.012674617,0,1,2,2,0
424.31,423.9628116,424.117221,-0.001294544,0.012695668,-0.55,2,2,2,2
423.2,423.3173556,423.2705555,-0.003907169,0.012903028,0,1,2,2,0
424.86,424.6226701,424.737735,0,0.012722444,8.28,2,2,2,1
423.76,423.8927185,423.8352104,-0.002589088,0.012813371,5.52,1,2,2,1
419.34,420.0404182,419.6857854,-0.012992515,0.012937122,1.1,1,2,2,1
416.03,416.6469874,416.3112143,-0.020783317,0.012684834,-2.21,1,1,2,2
411.07,411.9279981,411.4731703,-0.032457751,0.012613525,-3.86,1,1,2,2
416.03,415.3989228,415.6794746,-0.020783317,0.013037841,-0.55,2,1,2,2
417.13,416.8636804,417.0184211,-0.018194229,0.013086957,16,2,2,2,1
414.93,415.2274893,415.0906478,-0.023372405,0.01310401,9.38,1,1,2,1
416.58,416.3719214,416.4654344,-0.019488773,0.01319831,-0.28,2,2,2,2
420.45,419.8226033,420.143495,-0.01037989,0.013125791,1.66,2,2,2,1
423.2,422.6804005,422.9648842,-0.003907169,0.013122272,3.86,2,2,2,1
427.62,426.8600616,427.2619142,0.006496258,0.01053485,8.28,2,2,2,1
432.03,431.2346249,431.6632242,0.010312895,0.0090928,14.9,2,2,2,1
438.65,437.5091731,438.1125557,0.01532301,0.010356666,22.07,2,2,2,1
439.76,439.4137189,439.6332735,0.002530491,0.012977725,22.63,2,2,2,1
437,437.3713414,437.2025595,-0.006276151,0.015228965,17.66,1,2,2,1
440.31,439.8578987,440.0709661,0.001250682,0.01648565,18.76,2,2,2,1
435.89,436.5004459,436.2116128,-0.010038382,0.017957887,12.13,1,2,2,1
435.89,435.9839148,435.9147394,-0.010038382,0.018424466,12.69,1,2,2,1
432.58,433.1036792,432.8365184,-0.017555813,0.018789348,7.72,1,2,2,1
427.62,428.463643,428.0212706,-0.028820604,0.01889117,2.76,1,1,2,1
425.41,425.8797912,425.610867,-0.033839795,0.018828464,3.86,1,1,2,1
427.07,426.886891,426.957759,-0.030069724,0.018805568,2.76,2,1,2,1
430.38,429.8425986,430.1167507,-0.022552293,0.018771062,7.18,2,1,2,1
433.14,432.6327075,432.9074424,-0.016283982,0.01885865,8.28,2,2,2,1
436.45,435.8627242,436.1774956,-0.008766551,0.019086835,12.69,2,2,2,1
436.45,436.3596499,436.4290381,-0.008766551,0.019435952,17.11,2,2,2,1
439.21,438.7714846,438.9960799,-0.00249824,0.019817822,23.18,2,2,2,1
445.83,444.7440746,445.3043138,0.012536622,0.020352227,34.76,2,2,1,1
449.14,448.4637038,448.8449472,0.007424355,0.021696905,33.11,2,2,1,1
438.65,440.1598006,439.4342267,-0.023355747,0.023293181,21.52,1,1,1,1
438.1,438.4168924,438.2026328,-0.024580309,0.023126423,23.17,1,1,1,1
447.48,446.0856758,446.7663564,-0.003695952,0.022418787,30.9,2,2,1,1
444.17,444.4647193,444.3697197,-0.011065592,0.021625557,23.72,1,2,1,1
445.27,445.1461107,445.2007477,-0.008616467,0.020908166,22.07,2,2,1,1
441.41,441.9847863,441.701596,-0.017210669,0.020205139,13.79,1,2,1,1
440.31,440.5676594,440.4170458,-0.019659794,0.018469701,8.28,1,2,2,1
439.76,439.8842553,439.810542,-0.020884357,0.01660962,1.11,1,1,2,1
442.52,442.1145008,442.3115802,-0.01473928,0.01514795,2.76,2,2,2,1
444.17,443.8537694,444.0270446,-0.011065592,0.014080088,7.17,2,2,2,1
445.83,445.5259645,445.6913111,-0.00736964,0.01365296,5.52,2,2,2,1
462.38,459.7870715,461.0962547,0.029478559,0.013743676,26.49,2,2,2,1
464.03,463.3772418,463.8043273,0.003568493,0.017011243,28.14,2,2,2,1
465.14,464.8688064,465.0372559,0.002392087,0.019900538,32.56,2,2,2,1
463.48,463.6936625,463.5997889,-0.003568818,0.022377427,35.86,1,2,1,1
466.24,465.8482558,466.0369068,0.002364879,0.024190392,40.83,2,2,1,1
466.24,466.1797317,466.2243774,0,0.025989954,39.17,2,2,1,1
462.38,462.9645741,462.6757213,-0.008278998,0.027450125,32,1,2,1,1
455.76,456.868396,456.2919786,-0.022477694,0.027927218,22.62,1,1,1,1
455.76,455.9305225,455.8009214,-0.022477694,0.027113746,19.31,1,1,1,1
457.41,457.1823881,457.2862247,-0.018938744,0.0257657,20.96,2,2,1,1
462.93,462.045752,462.4958634,-0.007099348,0.024476329,23.72,2,2,1,1
462.38,462.3285772,462.3889126,-0.008278998,0.023847042,16.55,2,2,1,1
464.03,463.7682427,463.9037625,-0.004740048,0.023269094,14.89,2,2,1,1
456.86,457.9228066,457.4018279,-0.020118394,0.023039583,18.21,1,1,1,1
451.9,452.8265856,452.3232175,-0.030756692,0.022165869,13.8,1,1,1,1
456.31,455.7740901,456.0033244,-0.021298044,0.021420973,8.83,2,1,1,1
454.65,454.8229369,454.7541019,-0.024858442,0.021239263,10.48,1,1,1,1
456.86,456.5466057,456.6980078,-0.020118394,0.02116274,11.59,2,1,1,1
459.07,458.6817855,458.8875391,-0.015378346,0.020217789,17.66,2,2,1,1
456.86,457.1402747,457.0159645,-0.020118394,0.019111067,16.55,1,1,2,1
454.65,455.0331192,454.8319973,-0.024858442,0.018861326,14.89,1,1,2,1
462.38,461.2497106,461.7993844,-0.008278998,0.018259822,19.86,2,2,2,1
465.69,465.0068786,465.3907219,-0.00117965,0.017906775,21.52,2,2,2,1
466.24,466.050289,466.1746709,0,0.017159409,20.41,2,2,2,1
475.07,473.6823522,474.3857439,0.018938744,0.01600058,12.69,2,2,2,1
473.41,473.4519003,473.4850572,-0.003494222,0.015527711,9.38,2,2,2,1
470.66,471.0895231,470.8773121,-0.009282843,0.014888214,5.52,1,2,2,1
468.45,468.8560805,468.6367163,-0.013934789,0.013824343,4.97,1,2,2,1
467.9,468.0470893,467.9566705,-0.015092513,0.012508348,1.66,1,2,2,1
466.79,466.9833984,466.8797439,-0.01742901,0.012723371,0.55,1,2,2,1
463.48,464.0189844,463.7415188,-0.024396405,0.01283645,1.1,1,1,2,1
464.03,464.0283053,464.0078091,-0.023238681,0.012794223,8.27,1,1,2,1
469.55,468.7005085,469.1236776,-0.01161934,0.012798947,13.79,2,2,2,1
469.55,469.419309,469.517206,-0.01161934,0.013032539,12.14,2,2,2,1
469.55,469.5298937,469.5474774,-0.01161934,0.01325687,6.62,2,2,2,1
480.59,478.8884452,479.7405752,0.01161934,0.013532957,18.21,2,2,2,1
483.35,482.663607,483.0723519,0.005742941,0.014933825,19.32,2,2,2,1
497.69,495.3782472,496.5655655,0.029667942,0.016447886,40.83,2,2,2,1
497.69,497.3343457,497.603505,0,0.020719571,45.79,2,2,1,1
496.04,496.2391301,496.1602696,-0.003315317,0.024104074,39.73,1,2,1,1
501,500.2675585,500.627713,0.006650726,0.026466881,46.35,2,2,1,1
496.04,496.6903936,496.392901,-0.0099002,0.02925386,39.18,1,2,1,1
487.21,488.6685221,487.916377,-0.02752495,0.030429625,28.14,1,1,1,1
482.24,483.2290034,482.6766444,-0.03744511,0.029924178,25.38,1,1,1,1
492.73,491.2683082,491.956665,-0.016506986,0.029327591,38.08,2,2,1,1
488.31,488.7651243,488.5905127,-0.025329341,0.029164617,25.93,1,1,1,1
492.73,492.1200191,492.4115779,-0.016506986,0.028610567,27.04,2,2,1,1
498.24,497.2984645,497.7916598,-0.005508982,0.028411823,32,2,2,1,1
507.62,506.0320715,506.8639738,0.013213573,0.028233711,32.55,2,2,1,1
502.11,502.7133956,502.4756903,-0.010854576,0.028590591,28.7,1,2,1,1
497.14,497.9974455,497.5504377,-0.020645365,0.028738313,26.48,1,1,1,1
498.8,498.6765301,498.7038798,-0.017375202,0.028490022,30.35,2,2,1,1
496.59,496.9110046,496.7526061,-0.021728852,0.028234213,28.69,1,1,1,1
492.17,492.8993853,492.5225082,-0.030436153,0.028342212,25.38,1,1,1,1
494.38,494.1522131,494.237116,-0.026082503,0.028045575,30.9,2,1,1,1
491.07,491.5441866,491.3136243,-0.032603128,0.027547166,27.04,1,1,1,1
499.35,498.1491056,498.7318173,-0.016291714,0.026589802,29.8,2,2,1,1
503.76,502.8967855,503.3732167,-0.007604113,0.025759943,34.21,2,2,1,1
508.18,507.3671978,507.8102474,0.001103187,0.024856042,38.63,2,2,1,1
504.31,504.7803381,504.5792498,-0.007615412,0.023494672,23.72,1,2,1,1
512.04,510.9231289,511.4660961,0.007595734,0.021330745,28.69,2,2,1,1
510.38,510.4635583,510.4635459,-0.003241934,0.020453456,12.69,1,2,1,1
512.04,511.7974705,511.9187343,0,0.01886501,14.35,2,2,2,1
507.07,507.7973032,507.4429796,-0.009706273,0.016848549,11.03,1,2,2,1
507.62,507.6472774,507.606383,-0.008632138,0.015905085,6.62,1,2,2,1
504.87,505.2972734,505.080491,-0.014002812,0.015170942,8.83,1,2,2,1
507.62,507.2626575,507.4246532,-0.008632138,0.015299534,20.41,2,2,2,1
506.52,506.634255,506.5895887,-0.010780408,0.015577988,24.28,1,2,2,1
506.52,506.5375777,506.525353,-0.010780408,0.01569976,13.79,1,2,2,1
508.73,508.3927043,508.5604118,-0.006464339,0.01587014,20.42,2,2,2,1
507.07,507.273493,507.1846471,-0.009706273,0.016071312,14.34,1,2,2,1
513.14,512.2374605,512.6818959,0.00214827,0.015335136,14.9,2,2,2,1
518.66,517.671917,518.2001458,0.010757298,0.014018393,11.04,2,2,2,1
522.52,521.7741411,522.1877035,0.007442255,0.014674352,20.41,2,2,2,1
526.94,526.1452525,526.5744387,0.008459006,0.015066656,29.8,2,2,2,1
531.9,531.0146542,531.4903414,0.009412836,0.016399847,33.1,2,2,2,1
534.11,533.633793,533.9084878,0.004154916,0.01863815,37.52,2,2,2,1
517.56,520.0328912,518.817576,-0.030986126,0.021074598,25.39,1,1,1,1
515.9,516.5358294,516.1244289,-0.0340941,0.021206336,21.52,1,1,1,1
515.35,515.5324353,515.4095715,-0.035123851,0.020882677,24.28,1,1,1,1
519.21,518.6442208,518.9176593,-0.027896875,0.020579866,19.86,2,1,1,1
515.9,516.3221878,516.1321276,-0.0340941,0.020192281,12.14,1,1,1,1
512.59,513.1641827,512.8624714,-0.040291326,0.01899563,4.41,1,1,2,1
515.35,515.0137204,515.1586516,-0.035123851,0.017842426,11.04,2,1,2,1
519.76,519.0298031,519.4060501,-0.026867125,0.015976505,7.72,2,1,2,1
521.97,521.517662,521.7727731,-0.0227294,0.015271536,11.59,2,1,2,1
526.38,525.631948,526.0255979,-0.014472674,0.015048796,14.34,2,2,2,1
524.18,524.4033766,524.3219691,-0.018591676,0.015439433,17.11,1,2,2,1
518.11,519.0782118,518.5878438,-0.029956376,0.01521942,10.49,1,1,2,1
515.9,516.3889557,516.1067572,-0.0340941,0.01517179,11.03,1,1,2,1
509.83,510.8390701,510.3128275,-0.045458801,0.015027312,2.21,1,1,2,1
508.73,509.0544723,508.851756,-0.047518301,0.015133323,2.21,1,1,2,1
510.38,510.1760727,510.2624428,-0.04442905,0.015008108,3.86,2,1,2,1
509.83,509.8832419,509.8632648,-0.045458801,0.01482659,1.1,1,1,2,1
508.18,508.4420372,508.3094819,-0.048548052,0.01441335,1.11,1,1,2,1
504.87,505.4195442,505.1345755,-0.054745277,0.014371328,-8.27,1,1,2,2
509.83,509.1514683,509.4688135,-0.045458801,0.014532644,-8.83,2,1,2,2
509.83,509.7256105,509.8022164,-0.045458801,0.014273932,-12.69,2,1,2,2
506.52,507.0131708,506.7724782,-0.051656026,0.014200756,-20.42,1,1,2,2
503.76,504.2604878,503.9917291,-0.056823501,0.014254509,-28.14,1,1,2,2
499.9,500.5708443,500.2147484,-0.050305863,0.01495131,-34.21,1,1,2,2
500.45,500.4685914,500.4319037,-0.04926099,0.016044765,-17.11,1,1,2,2
495.49,496.2559371,495.8701464,-0.058683841,0.016740407,-20.41,1,1,2,2
494.38,494.6686057,494.4946266,-0.060792583,0.017519143,-20.97,1,1,2,2
500.45,499.5605547,499.9918944,-0.04926099,0.017505105,-18.76,2,1,2,2
498.8,498.9170084,498.8916842,-0.052395608,0.016012106,-17.1,1,1,2,2
495.49,496.0172321,495.751668,-0.058683841,0.016444974,-17.1,1,1,2,2
496.04,496.0364972,496.0178206,-0.057638968,0.01719577,-19.31,1,1,2,2
490.52,491.3686919,490.9429093,-0.068125689,0.017781777,-29.24,1,1,2,2
487.76,488.3151834,488.0048392,-0.073369049,0.018612507,-34.21,1,1,2,2
492.73,492.0507974,492.3665261,-0.059998474,0.019793044,-33.65,2,1,2,2
494.38,494.0216611,494.2251174,-0.045801085,0.02036391,-29.8,2,1,1,2
494.38,494.3248709,494.368086,-0.04171351,0.020540135,-23.73,2,1,1,2
507.62,505.5745955,506.600622,-0.005407735,0.020206762,-8.28,2,2,1,2
507.07,506.8399378,507.033894,-0.006485364,0.019158429,-2.76,2,2,2,2
507.07,507.0346058,507.0672226,-0.006485364,0.017246615,-1.66,2,2,2,2
507.07,507.0645547,507.0697864,-0.005413569,0.015415538,-3.31,2,2,2,2
509.83,509.4045469,509.6176759,0,0.014378029,0,2,2,2,0
504.31,505.0937764,504.7182828,-0.010827138,0.013743646,-3.87,1,2,2,2
508.18,507.7051964,507.9137141,-0.003236373,0.013458831,3.31,2,2,2,1
512.04,511.3731071,511.7225934,0.004334778,0.01341825,2.21,2,2,2,1
507.07,507.7320165,507.4278918,-0.009706273,0.013581681,-2.76,1,2,2,2
504.31,504.8364641,504.5498378,-0.015096477,0.013399239,-2.21,1,2,2,2
500.45,501.1248406,500.7653721,-0.02263495,0.013225571,-3.31,1,1,2,2
501.55,501.4845909,501.489644,-0.020486681,0.013183563,1.65,2,1,2,1
500.45,500.6091678,500.5299726,-0.02263495,0.012811537,0,1,1,2,0
500.45,500.4744874,500.4561517,-0.02263495,0.012399582,4.96,1,1,2,1
498.24,498.5837673,498.4104732,-0.026951019,0.012224737,3.86,1,1,2,1
506.52,505.2990411,505.8961902,-0.010780408,0.012202276,6.07,2,2,2,1
513.14,511.9336986,512.5827839,0.00214827,0.012382871,14.34,2,2,2,1
520.87,519.4951844,520.2325218,0.015064115,0.01317451,25.38,2,2,2,1
528.59,527.1907976,527.9471171,0.014821357,0.014797595,32.55,2,2,2,1
527.49,527.4439689,527.5251629,-0.002081008,0.017363476,36.97,2,2,2,1
520.87,521.8813798,521.3819356,-0.014604892,0.019416849,33.11,1,2,2,1
523.63,523.3609815,523.457072,-0.009383454,0.020173555,30.9,2,2,1,1
514.25,515.6516895,514.9582363,-0.027128777,0.020891961,19.87,1,1,1,1
512.04,512.5956445,512.2644797,-0.031309711,0.020705454,17.66,1,1,1,1
509.83,510.2554838,510.0172677,-0.035490645,0.01980613,2.21,1,1,2,1
507.62,508.025459,507.8044052,-0.039671579,0.018308596,0.55,1,1,2,1
507.62,507.6823783,507.634185,-0.039671579,0.017313746,0.55,1,1,2,1
507.62,507.6295967,507.6210912,-0.039671579,0.016417971,0.55,1,1,2,1
507.62,507.6214764,507.6200839,-0.039671579,0.015418192,-2.21,1,1,2,2
505.42,505.7586887,505.5892372,-0.043833595,0.015420487,1.11,1,1,2,1
501,501.732106,501.3530182,-0.052195463,0.015479349,-7.18,1,1,2,2
501,501.1126317,501.0271552,-0.052195463,0.015787599,-11.04,1,1,2,2
501.55,501.4827126,501.5097812,-0.051154959,0.016078561,-5.52,2,1,2,2
500.45,500.6088789,500.5315216,-0.053235967,0.016336799,-3.86,1,1,2,2
504.87,504.2144429,504.5362709,-0.044874099,0.016550351,4.42,2,1,2,1
506.52,506.1652989,506.3674055,-0.041752587,0.016616658,4.97,2,1,2,1
509.83,509.2661998,509.5636466,-0.035490645,0.016592861,9.38,2,1,2,1
512.04,511.6132615,511.8495113,-0.031309711,0.016582501,11.59,2,1,2,1
510.38,510.5697325,510.4930393,-0.034450141,0.016532548,12.14,1,1,2,1
512.04,511.813805,511.921003,-0.031309711,0.016206778,5.52,2,1,2,1
512.59,512.4705854,512.5385387,-0.030269207,0.01594982,-0.55,2,1,2,2
509.28,509.7708593,509.5306568,-0.036531149,0.015579864,-11.59,1,1,2,2
513.14,512.6216707,512.8623582,-0.027204307,0.015137915,-15.45,2,1,2,2
514.8,514.4648724,514.6509506,-0.016863052,0.01442646,-12.69,2,2,2,2
520.87,519.8845958,520.3916116,-0.005270897,0.01437472,0,2,2,2,0
520.31,520.2445532,520.3162778,-0.001075124,0.014771159,-3.32,2,2,2,2
515.9,516.5683928,516.2397137,-0.009541728,0.014729328,1.65,1,2,2,1
518.66,518.3382143,518.4738241,-0.004242901,0.013392829,6.62,2,2,2,1
517.56,517.6797253,517.6302942,-0.006354753,0.012259085,7.73,1,2,2,1
517,517.1045731,517.0484842,-0.007429877,0.011944296,9.38,1,2,2,1
520.31,519.8168574,520.0591142,-0.001075124,0.011179714,12.69,2,2,2,1
524.18,523.5087473,523.8630088,0.006354753,0.011662049,16.56,2,2,2,1
521.97,522.2067304,522.1156161,-0.004216109,0.012644047,14.35,1,2,2,1
520.31,520.6018047,520.4488935,-0.00738296,0.013225419,14.89,1,2,2,1
521.97,521.7595084,521.8529918,-0.004216109,0.013501337,20.97,2,2,2,1
514.8,515.8706936,515.3425378,-0.017894616,0.013862793,13.8,1,2,2,1
510.38,511.2247221,510.7617337,-0.026326834,0.013762069,8.83,1,1,2,1
514.25,513.7845726,513.9816718,-0.018943874,0.013652659,13.8,2,2,2,1
513.69,513.7045496,513.7124363,-0.02001221,0.013365866,8.82,2,1,2,1
518.66,517.897623,518.2794182,-0.010530734,0.012551501,12.14,2,2,2,1
518.66,518.5427112,518.6307245,-0.010530734,0.011735232,8.83,2,2,2,1
520.31,520.0381094,520.180825,-0.00738296,0.010815621,8.27,2,2,2,1
519.21,519.3374014,519.2846788,-0.009481476,0.009540392,8.83,1,2,2,1
518.11,518.298831,518.2003599,-0.011579992,0.008740352,6.07,1,2,2,1
520.31,520.0005894,520.14772,-0.00738296,0.008000056,7.72,2,2,2,1
521.97,521.6670138,521.8298246,-0.004216109,0.007710236,12.69,2,2,2,1
528.04,527.0595406,527.5622942,0.007363883,0.007698854,14.9,2,2,2,1
525.28,525.5537755,525.4555611,-0.005226877,0.008192407,10.48,1,2,2,1
520.87,521.5905808,521.2227355,-0.013578517,0.008313879,0,1,2,2,0
523.07,522.8423971,522.9279027,-0.009412166,0.008077095,2.76,2,2,2,1
517.56,518.3726765,517.9729156,-0.019846981,0.007443183,1.66,1,2,2,1
518.11,518.1504118,518.099455,-0.018805394,0.007133652,-0.55,1,2,2,2
513.69,514.3762172,514.0291888,-0.027175972,0.006956486,-3.87,1,1,2,2
507.62,508.659418,508.1130145,-0.038671313,0.007225963,-9.38,1,1,2,2
511.49,511.0545259,511.2302319,-0.031342323,0.008298889,-8.82,2,1,2,2
520.31,518.8860809,519.6115563,-0.014639042,0.008634447,-3.87,2,2,2,2
519.76,519.6255509,519.7485813,-0.01568063,0.008657995,-2.21,2,2,2,2
519.76,519.7393155,519.7591216,-0.01568063,0.008658765,-0.55,2,2,2,2
527.49,526.297587,526.895317,-0.001041588,0.008639688,5.52,2,2,2,1
523.07,523.5665518,523.3642552,-0.009412166,0.009175894,8.27,1,2,2,1
523.07,523.1463926,523.092635,-0.009412166,0.009101702,12.69,1,2,2,1
519.21,519.8155989,519.5086642,-0.016722218,0.009160007,4.96,1,2,2,1
525.83,524.9047075,525.3437434,-0.004185289,0.009144129,12.14,2,2,2,1
523.07,523.3522627,523.2449033,-0.009412166,0.009412241,4.41,1,2,2,1
519.76,520.3126558,520.0280695,-0.01568063,0.009373607,1.1,1,2,2,1
514.25,515.1827163,514.6944669,-0.026115446,0.008757079,-6.06,1,1,2,2
514.25,514.3934948,514.2841898,-0.026115446,0.008757079,-4.96,1,1,2,2
521.42,520.3389992,520.8710915,-0.012536929,0.008703718,3.31,2,2,2,1
525.28,524.519846,524.9408532,-0.005226877,0.008710291,4.97,2,2,2,1
519.21,520.0268994,519.6508349,-0.016722218,0.0089095,-2.76,1,2,2,2
517.56,517.939523,517.7208335,-0.018825001,0.008915981,-10.48,1,2,2,2
521.97,521.3499266,521.643141,-0.010464653,0.00895395,-3.31,2,2,2,2
523.63,523.2792195,523.4771647,-0.007317674,0.008950206,2.76,2,2,2,1
513.14,514.6998799,513.9351665,-0.027204307,0.00904187,-9.93,1,1,2,2
504.87,506.3822892,505.5673205,-0.04288233,0.009372287,-12.69,1,1,2,2
504.87,505.1026599,504.92364,-0.04288233,0.010338713,-13.24,1,1,2,2
514.25,512.8427169,513.5325877,-0.025100002,0.011264037,0.56,2,1,2,1
514.8,514.4988795,514.7025067,-0.024057328,0.011322077,7.18,2,1,2,1
514.8,514.7536738,514.7925005,-0.024057328,0.011235019,3.31,2,1,2,1
510.38,511.0528729,510.7194231,-0.032436634,0.011292763,-9.93,1,1,2,2
512.59,512.3535189,512.4461095,-0.028246981,0.011598873,-7.17,2,1,2,2
520.31,519.085926,519.7050853,-0.013611632,0.011648007,0.55,2,2,2,1
513.14,514.0547578,513.6450066,-0.024133275,0.011096461,-14.35,1,1,2,2
510.38,510.9453474,510.6311544,-0.02938212,0.010986037,-12.69,1,1,2,2
507.07,507.6662073,507.343935,-0.03567693,0.011282329,-16,1,1,2,2
510.93,510.427878,510.6541488,-0.028336154,0.011865368,-8.28,2,1,2,2
519.21,517.8589043,518.5518576,-0.011555742,0.012025854,-6.62,2,2,2,2
523.07,522.268293,522.7224506,-0.00420728,0.011396796,0,2,2,2,0
529.69,528.5481989,529.1540347,0.008395522,0.011391763,9.93,2,2,2,1
530.25,529.9881844,530.165695,0.001057222,0.012119531,16,2,2,2,1
542.94,540.947413,541.9573612,0.023932107,0.01301137,28.69,2,2,2,1
566.11,562.2388328,564.2521047,0.042675065,0.015656149,44.69,2,2,2,1
584.32,580.9228973,582.7763157,0.032166893,0.023189958,59.04,2,2,1,1
577.15,577.7304457,577.5827935,-0.012270674,0.032639941,57.94,1,2,1,1
580.46,580.0400686,580.2386764,-0.006605969,0.037810077,62.9,2,2,1,1
570.53,571.9930875,571.2768213,-0.023600082,0.042406312,48.56,1,1,1,1
577.15,576.3566288,576.698217,-0.012270674,0.044960906,53.52,2,2,1,1
578.8,578.4240967,578.6383244,-0.009446878,0.047961471,65.66,2,2,1,1
585.98,584.8175533,585.4152557,0.002840909,0.050510198,81.11,2,2,1,1
584.87,584.8619313,584.9119427,-0.001894263,0.053344159,80,2,2,1,1
575.49,576.9318356,576.2147648,-0.017901635,0.055715045,61.24,1,2,1,1
584.87,583.6487439,584.2042127,-0.001894263,0.056853838,70.07,2,2,1,1
594.25,592.6190375,593.4772471,0.01411311,0.057963571,79.45,2,2,1,1
589.84,590.2675442,590.1197882,-0.007421119,0.058924191,79.46,1,2,1,1
586.53,587.1050068,586.8061376,-0.012991165,0.058896264,73.94,1,2,1,1
574.94,576.8115395,575.8527798,-0.032494741,0.058936864,54.63,1,1,1,1
568.87,570.0917753,569.4071369,-0.042709297,0.058008015,55.73,1,1,1,1
565.56,566.2571962,565.8559336,-0.048279344,0.056602086,55.18,1,1,1,1
571.08,570.3380302,570.6781487,-0.038990324,0.054442473,64.01,2,1,1,1
570.53,570.5004662,570.5413961,-0.03991586,0.052348206,59.6,2,1,1,1
574.39,573.7916102,574.0939535,-0.033420278,0.05067754,55.18,2,1,1,1
573.84,573.8325554,573.8595349,-0.034345814,0.04808725,50.77,2,1,1,1
581.01,579.9057778,580.4599642,-0.022280185,0.044655876,51.32,2,1,1,1
587.63,586.4416581,587.0784588,-0.011140093,0.040272583,57.38,2,2,1,1
601.98,599.5894859,600.8337276,0.013007993,0.035847256,59.04,2,2,1,1
603.63,603.0083824,603.4149021,0.002740955,0.032913788,37.52,2,2,1,1
594.25,595.5974435,594.9549925,-0.01553932,0.029819539,9.93,1,2,1,1
599.22,598.6626836,598.8919225,-0.0073058,0.026080132,22.07,2,2,1,1
603.63,602.8657975,603.2655325,0,0.021592475,23.17,2,2,1,1
611.91,610.5185842,611.245041,0.013717012,0.018981164,41.38,2,2,2,1
606.39,607.0251668,606.7634647,-0.009020934,0.020348994,29.24,1,2,1,1
605.29,605.5569487,605.4033434,-0.010818584,0.021525418,26.49,1,2,1,1
608.05,607.6664537,607.846411,-0.006308117,0.022274434,22.07,2,2,1,1
606.39,606.5863775,606.5020316,-0.009020934,0.023237908,21.52,1,2,1,1
611.91,611.0909812,611.4940024,0,0.023342846,36.42,2,2,1,1
610.25,610.3793817,610.3456925,-0.002712817,0.024172724,25.38,1,2,1,1
611.91,611.6745203,611.7896687,0,0.024736047,17.66,2,2,1,1
595.91,598.3353108,597.131513,-0.026147636,0.025567214,6.07,1,1,1,1
588.18,589.7423555,588.8685779,-0.038780213,0.025510123,1.65,1,1,1,1
595.35,594.4872855,594.8514291,-0.027062803,0.02496019,20.41,2,1,1,1
595.35,595.2172747,595.3116484,-0.027062803,0.024846536,26.48,2,1,1,1
601.42,600.4657346,600.9501268,-0.017143044,0.024845996,35.86,2,2,1,1
595.35,596.1370361,595.780779,-0.027062803,0.024969587,24.27,1,1,1,1
582.66,584.7333902,583.6692907,-0.047801147,0.024893744,12.13,1,1,1,1
581.01,581.5828293,581.2145608,-0.050497622,0.024417644,6.62,1,1,1,1
582.11,582.0288968,582.0411201,-0.048699972,0.023425612,8.27,2,1,1,1
577.15,577.9005995,577.52624,-0.056805739,0.021891448,-3.86,1,1,1,2
582.66,581.9277845,582.2650954,-0.047801147,0.021289559,-4.97,2,1,1,2
577.15,577.8850438,577.5434689,-0.056805739,0.02018823,-24.83,1,1,1,2
572.73,573.5230837,573.1002668,-0.064029024,0.019917783,-30.9,1,1,2,2
573.28,573.3173975,573.2661744,-0.063130199,0.020042499,-20.97,1,1,1,2
583.22,581.6965227,582.4543211,-0.04688598,0.020732673,-16,2,1,1,2
591.49,589.9833112,590.7949478,-0.033370921,0.020933069,-12.14,2,1,1,2
592.6,592.1974325,592.4611498,-0.031556928,0.020843925,-19.31,2,1,1,2
595.35,594.8649896,595.1277808,-0.027062803,0.020652566,-11.04,2,1,1,2
592.6,592.9484599,592.7944447,-0.031556928,0.020657821,-12.69,1,1,1,2
588.18,588.9136092,588.5349573,-0.038780213,0.020612043,-19.87,1,1,1,2
580.46,581.7605553,581.0811506,-0.051396447,0.020471412,-25.93,1,1,1,2
579.35,579.7208547,579.4831654,-0.053210439,0.019983923,-32.56,1,1,2,2
583.77,583.1470546,583.4402435,-0.045987155,0.019864322,-26.48,2,1,2,2
584.32,584.1395469,584.2523264,-0.028432709,0.019487655,-27.59,2,1,2,2
585.98,585.6968534,585.847102,-0.025672575,0.018742557,-9.93,2,1,2,2
587.08,586.8672082,586.9851617,-0.02384357,0.017982324,-1.1,2,1,2,2
590.94,590.3134166,590.6357817,-0.017425426,0.016371679,-4.41,2,2,2,2
590.39,590.3782179,590.4089063,-0.018339929,0.014743145,-4.96,2,2,2,2
590.39,590.3881874,590.3914543,-0.008331234,0.012444487,-11.03,2,2,2,2
593.15,592.7251058,592.9378042,-0.003695305,0.012138782,-2.2,2,2,2,2
599.22,598.2207855,598.7367542,0.006500378,0.012304968,16.56,2,2,2,1
599.77,599.5316593,599.6905196,0.00091786,0.012642164,18.76,2,2,2,1
611.36,609.5402553,610.4623477,0.019324074,0.013012278,29.25,2,2,2,1
615.77,614.8115777,615.3617191,0.007213426,0.014443558,38.62,2,2,2,1
617.43,617.0271658,617.2709015,0.002695812,0.01683486,34.77,2,2,2,1
617.43,617.3680255,617.4177617,0,0.019070218,40.28,2,2,2,1
617.43,617.4204655,617.4290586,0,0.020771503,44.7,2,2,1,1
622.94,622.0908408,622.5160814,0.008924089,0.022160181,49.66,2,2,1,1
614.67,615.8116678,615.2735447,-0.013275757,0.0236149,31.45,1,2,1,1
615.22,615.3110258,615.2241188,-0.012392847,0.024198295,23.73,1,2,1,1
615.22,615.234004,615.2203168,-0.012392847,0.024289796,22.62,1,2,1,1
616.32,616.1529237,616.235409,-0.010627027,0.023745825,20.97,2,2,1,1
603.08,605.091219,604.0919545,-0.03188108,0.023076593,10.48,1,1,1,1
602.53,602.9240337,602.6501503,-0.03276399,0.022513897,14.35,1,1,1,1
599.22,599.7898513,599.4838577,-0.038077503,0.022362434,18.76,1,1,1,1
600.87,600.7038233,600.7633737,-0.035428773,0.022224861,21.52,2,1,1,1
589.84,591.5113574,590.6802595,-0.053135133,0.022174453,6.07,1,1,1,1
579.91,581.6948242,580.7384815,-0.069075673,0.022304819,-4.41,1,1,1,2
581.56,581.5807422,581.4968063,-0.066426943,0.022903894,-4.42,1,1,1,2
585.98,585.3031911,585.6351389,-0.059331557,0.022805056,-1.1,2,1,1,2
589.29,588.6766448,589.0088568,-0.054018043,0.022277287,-1.65,2,1,1,2
595.35,594.32333,594.8622198,-0.04428998,0.021916157,4.96,2,1,1,1
600.32,599.3974354,599.9001708,-0.036311683,0.021342104,9.93,2,1,1,1
604.73,603.9096054,604.3584747,-0.02923235,0.020773397,11.58,2,1,1,1
610.25,609.2745547,609.7968057,-0.020371143,0.020242909,11.03,2,1,1,1
611.91,611.5045469,611.7474466,-0.01770636,0.020039285,12.14,2,2,1,1
611.91,611.8476226,611.8974959,-0.01770636,0.019794587,0.55,2,2,2,1
617.98,617.0365573,617.5121151,-0.007962244,0.019458453,2.21,2,2,2,1
619.08,618.7656242,618.9593935,-0.006196423,0.019521581,1.65,2,2,2,1
618.53,618.5662499,618.5630303,-0.007079333,0.019845957,1.1,1,2,2,1
612.46,613.3994231,612.9294639,-0.01682345,0.020090271,-4.97,1,2,1,2
621.29,620.0760651,620.6468818,0.003569813,0.020106746,-1.65,2,2,1,2
624.05,623.4386254,623.7882217,0.00444237,0.020407102,9.38,2,2,1,1
633.43,631.8928654,632.6883247,0.015030847,0.020815034,18.21,2,2,1,1
634.53,634.124287,634.3883327,0.001736577,0.022091548,19.31,2,2,1,1
635.08,634.9329672,635.0267948,0.000866783,0.023371804,18.76,2,2,1,1
637.29,636.9273796,637.1159073,0.003479877,0.024354678,34.21,2,2,1,1
633.43,633.9680584,633.7135313,-0.006056897,0.025786188,30.9,1,2,1,1
630.67,631.1773936,630.9041178,-0.010387736,0.026723613,31.45,1,2,1,1
633.43,633.0834452,633.2357014,-0.006056897,0.027376973,32.56,2,2,1,1
639.5,638.5128377,639.0181309,0.003467809,0.028153168,49.66,2,2,1,1
640.6,640.2788981,640.4783178,0.001720094,0.029212912,60.69,2,2,1,1
631.22,632.6136766,631.9321783,-0.014642523,0.030164138,49.66,1,2,1,1
630.67,630.9690272,630.7670906,-0.015501093,0.030174126,44.69,1,2,1,1
636.19,635.3867734,635.7728531,-0.006884171,0.030121751,46.9,2,2,1,1
632.32,632.7918113,632.5856041,-0.012925382,0.029463055,36.97,1,2,1,1
632.32,632.3925864,632.3404311,-0.012925382,0.027191965,32,1,2,1,1
640.05,638.8719364,639.4569562,-0.00085857,0.024619895,35.32,2,2,1,1
656.05,653.407221,654.773612,0.024118014,0.022522577,45.8,2,2,1,1
666.53,664.5111109,665.6256625,0.015974392,0.021874956,54.62,2,2,1,1
675.91,674.1563248,675.1188971,0.014072885,0.022865485,64,2,2,1,1
679.22,678.440973,678.9045305,0.004897102,0.025116621,61.24,2,2,1,1
674.81,675.3686112,675.1249639,-0.006492742,0.027415984,55.73,1,2,1,1
666.53,667.8897863,667.1911511,-0.018683195,0.028867657,48,1,2,1,1
667.08,667.2045825,667.0885501,-0.017873443,0.029137474,54.62,1,2,1,1
671.5,670.8391665,671.1606577,-0.011365979,0.029121764,50.21,2,2,1,1
683.09,681.2052564,682.1723583,0.005697712,0.029614847,59.04,2,2,1,1
686.4,685.6008087,686.0747968,0.004845628,0.030963227,52.97,2,2,1,1
687.5,687.2078167,687.390369,0.001602564,0.032140965,52.97,2,2,1,1
688.6,688.385818,688.5069515,0.0016,0.032406243,53.52,2,2,1,1
686.4,686.7055105,686.5620732,-0.003194888,0.03305976,49.11,1,2,1,1
684.74,685.0423862,684.8801595,-0.005605577,0.033329573,51.31,1,2,1,1
675.91,677.3149825,676.6000123,-0.018428696,0.033791458,45.24,1,2,1,1
668.19,669.5938435,668.836924,-0.029639849,0.033600625,34.76,1,1,1,1
665.43,666.0705913,665.6920711,-0.033647981,0.03303904,25.93,1,1,1,1
669.29,668.7947064,669.0132362,-0.028042405,0.032449136,28.69,2,1,1,1
663.77,664.5430317,664.1733259,-0.03605867,0.0315986,32.55,1,1,1,1
662.12,662.4927741,662.2779481,-0.038454836,0.030317709,31.45,1,1,1,1
656.6,657.5065806,657.0367652,-0.046471101,0.029131433,20.41,1,1,1,1
655.5,655.8087047,655.6182127,-0.048068545,0.028373872,23.18,1,1,1,1
655.5,655.547493,655.5090933,-0.048068545,0.027672693,23.18,1,1,1,1
645.01,646.6311528,645.8176226,-0.063302353,0.026107047,4.96,1,1,1,1
647.22,647.1294081,647.1121248,-0.060092942,0.024839883,-8.83,1,1,1,2
656.05,654.6776012,655.3624711,-0.047269823,0.023940831,-10.48,2,1,1,2
654.95,654.9080925,654.9817285,-0.048867267,0.022079692,-20.96,2,1,1,2
656.05,655.8743219,655.9678253,-0.047269823,0.020027714,-23.17,2,1,1,2
641.7,643.8806649,642.797525,-0.068109207,0.018718215,-33.11,1,1,2,2
631.22,633.1677946,632.1105788,-0.083328493,0.019874527,-35.31,1,1,2,2
623.49,624.9788915,624.1531214,-0.094554168,0.022355579,-43.59,1,1,1,2
615.22,616.7213679,615.9071632,-0.106564043,0.025227689,-56.28,1,1,1,2
615.22,615.4509797,615.2728587,-0.106564043,0.028442654,-67.87,1,1,1,2
615.22,615.2555353,615.2240661,-0.106564043,0.031172006,-71.18,1,1,1,2
621.29,620.3616208,620.8233897,-0.097749056,0.033631071,-66.21,2,1,1,2
621.84,621.612557,621.7617992,-0.094055944,0.035167794,-66.76,2,1,1,2
619.63,619.9350088,619.7939846,-0.095087186,0.036306626,-66.77,1,1,1,2
616.87,617.3415398,617.0949219,-0.087348907,0.036766109,-67.87,1,1,1,2
619.63,619.2779292,619.434994,-0.074198031,0.03683666,-56.28,2,1,1,2
623.49,622.8419891,623.1780765,-0.068430725,0.036208765,-44.7,2,1,1,2
620.18,620.5895368,620.4106213,-0.073376264,0.034828642,-45.25,1,1,1,2
617.98,618.3814672,618.1669709,-0.068984739,0.033412101,-51.31,1,1,1,2
615.22,615.7063796,615.4466901,-0.070833082,0.031816848,-48.55,1,1,1,2
608.05,609.2279045,608.6189762,-0.073941517,0.030892561,-54.07,1,1,1,2
603.63,604.4912161,604.0137674,-0.079902446,0.030856034,-52.97,1,1,1,2
597.56,598.6263409,598.0564436,-0.08915479,0.031071714,-57.94,1,1,1,2
594.8,595.3886678,595.0504957,-0.093361786,0.031051617,-60.7,1,1,1,2
597.29,596.9974874,597.1177304,-0.089566344,0.031348784,-47.72,2,1,1,2
597.29,597.2449981,597.2767485,-0.089566344,0.031103453,-49.93,2,1,1,2
599.77,599.3815382,599.5782114,-0.085786144,0.030965268,-56.28,2,1,1,2
600.87,600.6410059,600.7706316,-0.084109443,0.03037347,-54.08,2,1,1,2
600.32,600.3693855,600.354664,-0.064484962,0.029344194,-55.73,1,1,1,2
599.22,599.3968285,599.3072818,-0.050695479,0.029009698,-42.48,1,1,1,2
604.18,603.4441275,603.8051755,-0.030970826,0.028282201,-27.04,2,1,1,2
601.98,602.2052504,602.1203981,-0.03449935,0.025884347,-21.51,1,1,1,2
601.42,601.5408078,601.4738768,-0.03539752,0.023094925,-13.8,1,1,1,2
609.15,607.979355,608.559529,-0.022999567,0.01917008,-6.07,2,1,2,2
587.08,590.2952854,588.7322715,-0.058397087,0.016720983,-28.14,1,1,2,2
583.77,584.7738901,584.1517132,-0.063705913,0.016890522,-37.52,1,1,2,2
571.63,573.6521369,572.5932087,-0.083176956,0.017939495,-50.21,1,1,2,2
559.49,561.6687903,560.4979391,-0.102647998,0.020897263,-60.14,1,1,1,2
549.56,551.4228908,550.4013799,-0.118574476,0.025149649,-67.31,1,1,1,2
551.21,551.2427524,551.1477985,-0.115928082,0.030035457,-68.42,1,1,1,2
557.83,556.8165773,557.3159845,-0.100535328,0.033249724,-65.66,2,1,1,2
567.22,565.6194734,566.4581527,-0.082138581,0.034876962,-52.96,2,1,1,2
565.56,565.5691498,565.6290887,-0.080719092,0.035347554,-52.42,2,1,1,2
565.56,565.5614077,565.5653145,-0.071558729,0.035856408,-49.66,2,1,1,2
561.7,562.2940627,561.9973319,-0.077895428,0.035898898,-46.35,1,1,1,2
561.7,561.7913943,561.7228717,-0.077895428,0.035568917,-41.93,1,1,1,2
561.7,561.7140607,561.7017594,-0.077895428,0.035163708,-35.86,1,1,1,2
564.46,564.0375478,564.2478276,-0.073364524,0.034596553,-30.34,2,1,1,2
563.35,563.4557766,563.4190637,-0.075186736,0.033776363,-33.94,1,1,1,2
560.59,561.0308887,560.8076203,-0.079717639,0.033379008,-36.7,1,1,1,2
566.11,565.3285983,565.7021246,-0.070655832,0.033251039,-33.66,2,1,1,2
566.11,565.9897843,566.078625,-0.070655832,0.033057329,-34.76,2,1,1,2
571.63,570.7622745,571.2029712,-0.061594024,0.032896,-28.69,2,1,1,2
570.53,570.5657345,570.581767,-0.063399819,0.032340694,-28.69,2,1,1,2
568.87,569.1308822,569.0016744,-0.066124928,0.031713125,-35.31,1,1,1,2
576.04,574.9770588,575.4985903,-0.054354428,0.030794366,-25.94,2,1,1,2
578.25,577.7464706,578.0383531,-0.050726422,0.029574899,-23.17,2,1,1,2
571.63,572.5709955,572.1229502,-0.026316686,0.028314839,-37.52,1,1,1,2
568.32,568.9739993,568.6125346,-0.026465903,0.026968675,-18.76,1,1,1,2
572.73,572.1521537,572.4132719,-0.009546044,0.024772745,-11.04,2,2,1,2
576.59,575.9072544,576.2687132,-0.002870731,0.022489281,4.96,2,2,1,1
575.49,575.554193,575.549901,-0.004773022,0.019988158,16,1,2,2,1
574.39,574.5691066,574.4792232,-0.006675313,0.014896941,24.83,1,2,2,1
569.97,570.6775549,570.3168633,-0.014319066,0.013599312,18.76,1,2,2,1
570.53,570.5527007,570.5136049,-0.013350627,0.012444475,12.7,1,2,2,1
570.53,570.5334924,570.5287388,-0.013350627,0.012402223,3.31,1,2,2,1
571.08,570.9959219,571.0375953,-0.012399481,0.012207173,5.52,2,2,2,1
568.87,569.1970649,569.0367381,-0.016221358,0.010706363,3.31,1,2,2,1
566.66,567.0503177,566.842826,-0.020043234,0.009094231,4.96,1,1,2,1
558.94,560.1877412,559.5479097,-0.033393861,0.008379938,-2.76,1,1,2,2
551.77,553.0650371,552.3683007,-0.045793342,0.008975398,-9.93,1,1,2,2
554.52,554.2961596,554.3544847,-0.041037613,0.010486982,-9.94,2,1,2,2
555.08,554.9594092,555.0241911,-0.040069174,0.011364644,-8.27,2,1,2,2
558.39,557.8622168,558.1310916,-0.034345006,0.011941119,-2.2,2,1,2,2
556.73,556.9041872,556.8377763,-0.037215737,0.012166518,-9.38,1,1,2,2
552.87,553.4906442,553.1752136,-0.043891051,0.012528997,-13.24,1,1,2,2
539.07,541.2885606,540.1550164,-0.067756161,0.013367397,-32.56,1,1,2,2
525.83,528.2082401,526.9319243,-0.090652832,0.016163989,-44.7,1,1,2,2
526.94,527.1351139,526.9393788,-0.088733247,0.020838717,-41.93,1,1,1,2
529.14,528.831556,528.9707214,-0.084928664,0.024284785,-46.9,2,1,1,2
533.01,532.3671625,532.6992863,-0.075582303,0.026776813,-45.24,2,1,1,2
523.63,524.9741788,524.3276374,-0.091850362,0.02826853,-48,1,1,1,2
522.52,522.897566,522.659049,-0.093775473,0.030643003,-45.8,1,1,1,2
525.28,524.9134717,525.0783884,-0.088988709,0.032792474,-47.45,2,1,1,2
525.83,525.6889956,525.7721837,-0.086291682,0.033877403,-50.76,2,1,1,2
529.69,529.0744609,529.3886295,-0.077821689,0.034399049,-45.8,2,1,1,2
535.21,534.2660709,534.7622023,-0.062810815,0.034766546,-39.18,2,1,1,2
536.87,536.4693955,536.7078617,-0.059904041,0.03478869,-33.1,2,1,1,2
538.52,538.2045224,538.3806047,-0.057014779,0.034288494,-32.01,2,1,1,2
541.83,541.2722342,541.5646619,-0.051218743,0.033189506,-28.7,2,1,1,2
545.14,544.5449591,544.864974,-0.041714276,0.031877779,-25.94,2,1,1,2
542.94,543.1869168,543.0880749,-0.041859316,0.030437802,-25.93,1,1,1,2
537.97,538.7726026,538.3636981,-0.037517444,0.029295204,-28.69,1,1,1,2
530.25,531.5611696,530.8741306,-0.050394885,0.028007286,-28.69,1,1,1,2
529.69,529.9778723,529.781087,-0.051397769,0.026764344,-22.08,1,1,1,2
530.8,530.6735188,530.7216221,-0.049409911,0.02511527,-23.72,2,1,1,2
524.73,525.6443875,525.190894,-0.060280449,0.023316609,-30.35,1,1,1,2
532.45,531.4029827,531.8916072,-0.043611805,0.02176736,-25.94,2,1,1,2
538.52,537.4250743,538.0101236,-0.025955469,0.020525396,-18.21,2,1,1,2
544.04,543.0223191,543.5761634,-0.00201783,0.019856095,-8.83,2,2,2,2
555.08,553.2249722,554.1950895,0.018233848,0.01899179,16.01,2,2,2,1
565.56,563.6623034,564.6857761,0.018880161,0.018979014,39.73,2,2,2,1
584.32,581.1418928,582.8096751,0.033170663,0.020110001,57.38,2,2,1,1
578.8,579.1602912,579.1084365,-0.009446878,0.025125965,49.66,1,2,1,1
582.66,582.1215833,582.3868028,-0.002840909,0.028399744,49.65,2,2,1,1
584.87,584.4471667,584.6789848,0.000941265,0.032136435,61.24,2,2,1,1
590.39,589.4757179,589.9506911,0.009437995,0.035066634,67.87,2,2,1,1
594.8,593.9808797,594.4269762,0.007469639,0.038145835,69.52,2,2,1,1
592.04,592.3385969,592.2236136,-0.004640215,0.041248689,66.21,1,2,1,1
593.15,593.0251687,593.0787395,-0.002774042,0.043536629,63.46,2,2,1,1
593.15,593.1307952,593.1445184,-0.002774042,0.044898835,57.94,2,2,1,1
604.73,602.945507,603.8388091,0.016694687,0.045640289,67.86,2,2,1,1
602.53,602.5939241,602.6306776,-0.003637987,0.047356639,64.01,2,2,1,1
601.98,602.0744499,602.0300521,-0.004547484,0.048273894,60.15,1,2,1,1
594.8,595.9191461,595.3561579,-0.016420551,0.048959665,49.66,1,2,1,1
591.49,592.1714071,591.7873968,-0.021894068,0.049070463,48.55,1,1,1,1
587.63,588.328678,587.9497998,-0.028277082,0.048817345,49.66,1,1,1,1
587.63,587.7374889,587.6546,-0.028277082,0.048249089,57.38,1,1,1,1
585.42,585.7765368,585.5918923,-0.031931606,0.047720997,55.73,1,1,1,1
583.77,584.078698,583.9101456,-0.034660096,0.047163036,52.97,1,1,1,1
576.59,577.7421074,577.1530881,-0.046533164,0.046287999,51.86,1,1,1,1
582.11,581.4380165,581.7286991,-0.037405123,0.044721483,49.66,2,1,1,1
578.25,578.7404641,578.5175922,-0.043788137,0.04222521,39.73,1,1,1,1
578.8,578.7908406,578.7782763,-0.04287864,0.039236559,34.76,1,1,1,1
584.32,583.4693601,583.8937136,-0.033750599,0.035940317,29.24,2,1,1,1
589.84,588.8599016,589.3825934,-0.024622559,0.030998315,24.28,2,1,1,1
588.18,588.2846002,588.2725072,-0.027367586,0.026498915,3.86,1,1,1,1
599.77,598.0030154,598.8855775,-0.008202008,0.021985373,20.97,2,2,1,1
595.91,596.2320024,596.1388906,-0.014585021,0.017860814,13.25,1,2,2,1
593.15,593.6241542,593.3799147,-0.019149042,0.014682339,8.28,1,2,2,1
595.35,595.0844853,595.198455,-0.015511055,0.012691924,4.96,2,2,2,1
589.84,590.6468439,590.2521888,-0.024622559,0.012715807,-4.96,1,1,2,2
590.39,590.4295144,590.3793991,-0.023713062,0.012198465,-1.65,1,1,2,2
583.22,584.3291561,583.770723,-0.035569593,0.011953508,-9.93,1,1,2,2
576.59,577.7806394,577.1423633,-0.046533164,0.012048383,-16.56,1,1,2,2
583.77,582.8485599,583.2601818,-0.031135379,0.012805059,-20.96,2,1,2,2
586.53,585.9636246,586.2784755,-0.025665304,0.012842629,-16,2,1,2,2
586.53,586.4428653,586.510652,-0.022075129,0.012849395,-15.45,2,1,2,2
583.22,583.7158254,583.4731271,-0.027593911,0.012819039,-11.58,1,1,2,2
580.46,580.9608962,580.691779,-0.032195675,0.012880161,-11.03,1,1,2,2
579.35,579.5978302,579.4532138,-0.034046384,0.012017792,-8.28,1,1,2,2
584.32,583.5935123,583.9456318,-0.025759875,0.011295797,-3.31,2,1,2,2
593.7,592.1451557,592.949664,-0.010120546,0.010191731,8.28,2,2,2,1
603.63,601.8631009,602.8084357,0.0064358,0.010097148,19.86,2,2,2,1
615.22,613.1650924,614.2652643,0.019200504,0.011376181,38.63,2,2,2,1
617.98,617.239245,617.6942511,0.0044862,0.014482317,35.87,2,2,2,1
617.98,617.8660377,617.9580193,0,0.017311603,39.73,2,2,2,1
624.6,623.5640058,624.0890784,0.010712321,0.019502585,45.8,2,2,2,1
634.53,632.842924,633.7268522,0.015898175,0.022138374,50.21,2,2,1,1
638.39,637.5366037,638.0312963,0.006083243,0.025295375,48.55,2,2,1,1
636.19,636.3971698,636.3316382,-0.003446169,0.028525454,48.01,1,2,1,1
634.53,634.8172569,634.6685876,-0.006046461,0.030525838,34.76,1,2,1,1
629.56,630.3688088,629.9529683,-0.01383167,0.031872731,33.65,1,2,1,1
629.56,629.6844321,629.5902283,-0.01383167,0.032699346,36.41,1,2,1,1
635.08,634.2499126,634.6577099,-0.005184918,0.033535305,39.73,2,2,1,1
643.36,641.9584481,642.6905931,0.00778521,0.034532664,53.52,2,2,1,1
644.46,644.0751459,644.3238918,0.001709774,0.036414639,54.07,2,2,1,1
631.77,633.6630994,632.735684,-0.019690904,0.038040935,48.55,1,2,1,1
620.74,622.7281691,621.6627449,-0.036806008,0.038391784,44.15,1,1,1,1
608.05,610.3081799,609.0971342,-0.056496912,0.03827888,24.28,1,1,1,1
612.46,612.1289507,612.201318,-0.049653974,0.037714506,25.93,2,1,1,1
621.84,620.3459924,621.0985629,-0.035099153,0.037114508,35.31,2,1,1,1
623.49,623.0063065,623.3060433,-0.03253887,0.036082936,40.27,2,1,1,1
608.6,610.8163549,609.7312341,-0.055643484,0.034319036,28.14,1,1,1,1
599.22,601.0040546,600.0285565,-0.070198306,0.032992216,19.87,1,1,1,1
609.7,608.3621622,608.9560428,-0.053936629,0.032119356,25.38,2,1,1,1
612.46,611.8295634,612.1904648,-0.049653974,0.030828128,18.76,2,1,1,1
615.22,614.6983944,614.9869588,-0.045371319,0.029015528,11.59,2,1,1,1
618.53,617.9405222,618.2574584,-0.040235236,0.026580725,3.31,2,1,1,1
610.25,611.4331573,610.8659583,-0.053083201,0.023546904,-7.73,1,1,1,2
601.42,602.9604857,602.1466122,-0.066784595,0.020999814,-16.56,1,1,1,2
602.53,602.5962286,602.5005086,-0.065062223,0.020165777,-22.07,1,1,1,2
604.73,604.4017275,604.5585007,-0.061648512,0.020256786,-29.8,2,1,1,2
608.05,607.4887273,607.7814231,-0.056496912,0.020794933,-30.34,2,1,1,2
618.53,616.8313427,617.7031864,-0.040235236,0.021136068,-17.66,2,1,1,2
618.53,618.2686681,618.466399,-0.040235236,0.021129695,-16,2,1,1,2
627.36,625.9613336,626.6758768,-0.026533842,0.021098844,-2.2,2,1,1,2
642.25,639.7440513,641.0519905,-0.003429228,0.020751617,12.69,2,2,1,1
640.05,640.002931,640.1270762,-0.006842938,0.021092932,4.97,2,2,1,1
645.57,644.7135278,645.1513136,0.001722372,0.021380493,2.21,2,2,1,1
646.67,646.3690043,646.553178,0.001703921,0.022273591,2.21,2,2,1,1
643.36,643.8229237,643.6056291,-0.00511853,0.023429511,11.59,1,2,1,1
647.77,647.1627575,647.4496638,0.001701022,0.024194246,27.03,2,2,1,1
646.12,646.2804242,646.2222818,-0.0025472,0.025091737,38.07,1,2,1,1
651.08,650.3416037,650.7063294,0.005109838,0.02530547,38.62,2,2,1,1
647.77,648.1656313,647.9958715,-0.005083861,0.025898427,25.93,1,2,1,1
644.46,645.0300971,644.7319901,-0.010167721,0.026813592,20.97,1,2,1,1
639.5,640.3507842,639.9024608,-0.017785833,0.027495974,30.9,1,2,1,1
643.91,643.3624283,643.6017278,-0.011012472,0.02734411,44.69,2,2,1,1
646.67,646.1611428,646.4339791,-0.006773361,0.02753801,36.97,2,2,1,1
654.95,653.5978681,654.2949215,0.00594397,0.028087913,42.49,2,2,1,1
654.95,654.7419797,654.8996093,0,0.02916816,39.73,2,2,1,1
659.08,658.4126123,658.7584315,0.006305825,0.029449173,40.55,2,2,1,1
667.08,665.7465557,666.4398793,0.012138132,0.028979199,56.83,2,2,1,1
670.4,669.6840855,670.0953753,0.004976914,0.029778183,68.98,2,2,1,1
670.4,670.2898593,670.3765673,0,0.030721777,67.87,2,2,1,1
670.4,670.3830553,670.3981975,0,0.031485662,65.67,2,2,1,1
669.29,669.4581624,669.375246,-0.001655728,0.03214495,61.24,1,2,1,1
663.77,664.6451019,664.2011728,-0.009889618,0.031825709,45.24,1,2,1,1
663.77,663.9046311,663.8031671,-0.009889618,0.029848867,45.24,1,2,1,1
663.77,663.7907125,663.7725513,-0.009889618,0.027486507,36.41,1,2,1,1
661.57,661.9116481,661.739427,-0.013171241,0.024824117,19.32,1,2,1,1
658.81,659.2871766,659.0353405,-0.017288186,0.021871924,18.76,1,2,1,1
664.88,664.0195656,664.4304108,-0.00823389,0.019749364,19.31,2,2,2,1
669.84,668.9445486,669.4238778,-0.000835322,0.017349594,23.17,2,2,2,1
661.02,662.2391613,661.6664521,-0.013991647,0.016063956,17.66,1,2,2,1
648.88,650.9352556,649.8635732,-0.032100239,0.01566609,1.11,1,1,2,1
643.36,644.5254239,643.8602749,-0.040334129,0.015108013,-2.76,1,1,2,2
641.15,641.669296,641.3584827,-0.043630668,0.015253873,-9.93,1,1,2,2
642.81,642.6345071,642.6983448,-0.041154535,0.01561917,-4.96,2,1,2,2
648.32,647.4453088,647.887565,-0.032935561,0.015652808,3.86,2,1,2,1
659.91,657.9923552,658.9851973,-0.015647375,0.015619628,20.41,2,2,2,1
666.53,665.2165162,665.9496306,-0.005772673,0.015364644,22.62,2,2,2,1
661.02,661.6656179,661.3992024,-0.013991647,0.015525114,14.35,1,2,2,1
656.6,657.3793258,656.9691694,-0.020584726,0.015312967,1.65,1,1,2,1
658.26,658.1245117,658.1607053,-0.018108592,0.014822846,3.31,2,2,2,1
654.95,655.4383864,655.1969773,-0.023045943,0.013794663,-4.13,1,1,2,2
658.26,657.8259056,658.0243829,-0.018108592,0.013151375,-8.82,2,2,2,2
658.81,658.6586009,658.7495679,-0.017288186,0.012644094,-11.59,2,2,2,2
661.02,660.6567078,660.8453514,-0.013991647,0.012574272,-9.38,2,2,2,2
670.95,669.3664166,670.1727193,0.001657112,0.012496639,0.55,2,2,2,1
672.05,671.637141,671.9055938,0.001639466,0.012872643,2.76,2,2,2,1
682.53,680.8541755,681.712738,0.015594078,0.013151612,18.76,2,2,2,1
677.02,677.6098732,677.3809798,-0.008072905,0.01429216,13.25,1,2,2,1
680.33,679.9115189,680.1031523,-0.003223302,0.014759669,16.56,2,2,2,1
672.05,673.2594645,672.6694733,-0.015354636,0.015514463,10.48,1,2,2,1
675.36,675.0368407,675.1530364,-0.010505033,0.015642569,16.55,2,2,2,1
680.33,679.5156678,679.931772,-0.003223302,0.016095693,15.45,2,2,2,1
677.02,677.4039489,677.2439825,-0.008072905,0.01688698,7.18,1,2,2,1
671.5,672.4082998,671.9418448,-0.016160462,0.017360477,10.48,1,2,2,1
669.84,670.2351231,670.0016804,-0.018592589,0.017508757,20.96,1,2,2,1
668.74,668.9700189,668.8370523,-0.02020424,0.017539835,25.38,1,1,2,1
675.36,674.376926,674.8582348,-0.010505033,0.017583772,34.21,2,2,2,1
676.46,676.1395271,676.3367873,-0.008893382,0.017795529,33.65,2,2,2,1
665.43,667.0776196,666.2689836,-0.025053844,0.018097086,17.11,1,1,2,1
661.57,662.4173261,661.9314603,-0.030709273,0.017502235,1.66,1,1,2,1
641.15,644.4218963,642.7485739,-0.060627372,0.016369088,-25.38,1,1,2,2
634.53,636.0518302,635.162198,-0.070326579,0.016374709,-26.49,1,1,2,2
619.08,621.6910508,620.3170922,-0.092962947,0.017466425,-37.52,1,1,2,2
623.49,623.2132386,623.2459302,-0.086501692,0.021324911,-34.77,2,1,1,2
633.98,632.3235752,633.1543023,-0.071132404,0.024238735,-20.97,2,1,1,2
618.53,620.6520885,619.6549463,-0.093768772,0.025621581,-39.73,1,1,1,2
614.11,615.1164752,614.5365343,-0.100244678,0.028463293,-44.7,1,1,1,2
614.11,614.2648423,614.1428103,-0.100244678,0.031389335,-46.91,1,1,1,2
610.25,610.8676681,610.5494469,-0.105900107,0.03394053,-60.7,1,1,1,2
617.43,616.4204105,616.9007267,-0.095380423,0.036548086,-54.62,2,1,1,2
611.36,612.1385247,611.7862097,-0.101377273,0.038217718,-71.17,1,1,1,2
600.6,602.3751576,601.4604777,-0.117193127,0.040215722,-76.42,1,1,1,2
601.42,601.5669473,601.4231137,-0.115987829,0.042905633,-78.91,1,1,1,2
597.01,597.7110688,597.3494703,-0.122469978,0.04484842,-75.04,1,1,1,2
601.98,601.3232414,601.6238054,-0.115164699,0.04673416,-73.38,2,1,1,2
598.67,599.078191,598.8972158,-0.115727748,0.047195612,-81.66,1,1,1,2
593.15,594.0620294,593.5920935,-0.123155841,0.047879363,-83.87,1,1,1,2
596.46,596.0910814,596.2393918,-0.118262721,0.048322474,-75.04,2,1,1,2
583.77,585.665551,584.729184,-0.137022145,0.048691992,-86.07,1,1,1,2
582.66,583.1223925,582.819168,-0.13866304,0.049391771,-86.08,1,1,1,2
588.18,587.4019065,587.7676283,-0.130502912,0.049170183,-87.18,2,1,1,2
581.01,581.9933702,581.5298176,-0.126865335,0.048248746,-95.45,1,1,1,2
576.59,577.4212877,576.969986,-0.128452016,0.04781892,-88.84,1,1,1,2
577.7,577.6571212,577.6438451,-0.098962801,0.047301007,-83.87,1,1,1,2
564.46,566.4903263,565.4741419,-0.110428191,0.046201412,-76.69,1,1,1,2
567.22,567.1077425,567.0857032,-0.105303006,0.044667639,-67.31,1,1,1,2
561.15,562.0665758,561.6065926,-0.114877441,0.041607502,-57.93,1,1,1,2
558.94,559.4210117,559.1451225,-0.118363355,0.03961717,-64.55,1,1,1,2
558.94,559.0140018,558.9557787,-0.096341325,0.037316122,-75.04,1,1,1,2
558.94,558.9513849,558.9412137,-0.094731387,0.036909178,-59.59,1,1,1,2
563.9,563.1386746,563.5185549,-0.086698087,0.036616277,-50.21,2,1,1,2
564.46,564.2567192,564.3875811,-0.085791102,0.036853186,-49.65,2,1,1,2
562.8,563.0241106,562.9221216,-0.088479666,0.036362511,-47.45,1,1,1,2
563.35,563.2998632,563.3170863,-0.078529835,0.034321233,-54.08,2,1,1,2
567.22,566.616902,566.9197759,-0.057742782,0.033525779,-44.14,2,1,1,2
577.15,575.5295234,576.3630597,-0.041247218,0.032580286,-23.45,2,1,1,2
580.46,579.7014651,580.1448507,-0.035748696,0.03101492,-20.96,2,1,1,2
580.46,580.3433023,580.4357577,-0.035748696,0.029590419,-16.55,2,1,1,2
592.04,590.2405081,591.147366,-0.011074549,0.026999255,-9.94,2,2,1,2
583.77,584.7654628,584.3374897,-0.021275526,0.025250731,-14.9,1,1,1,2
575.49,576.9169943,576.1705761,-0.035157429,0.024279967,-17.66,1,1,1,2
581.01,580.3803068,580.6377366,-0.018630498,0.023026759,-15.45,2,2,1,2
582.39,582.0808164,582.2552105,-0.016299574,0.022116604,-1.38,2,2,1,2
597.01,594.7132025,595.8750162,0.008394703,0.02054071,14.35,2,2,1,1
593.15,593.3904927,593.3596166,-0.006465553,0.020354869,4.97,1,2,1,1
601.42,600.1846912,600.7999705,0.007386811,0.020344802,20.41,2,2,1,1
601.98,601.7037986,601.8892285,0.00093113,0.020934402,25.39,2,2,1,1
596.46,597.2667383,596.877633,-0.00916974,0.022416863,18.76,1,2,1,1
591.77,592.615652,592.1628948,-0.016960696,0.023230094,27.31,1,2,1,1
591.77,591.9001003,591.8002227,-0.016960696,0.023436749,24.55,1,2,1,1
588.73,589.2177077,588.966171,-0.022010698,0.023864365,27.58,1,1,1,1
578.8,580.4027243,579.5820132,-0.038506263,0.024124707,19.86,1,1,1,1
588.18,586.983496,587.5186164,-0.02292435,0.024110731,29.24,2,1,1,1
592.6,591.7359225,592.2091243,-0.015581913,0.023844082,33.66,2,2,1,1
592.6,592.467065,592.5699326,-0.015581913,0.023871964,28.7,2,2,1,1
593.7,593.5103177,593.6130717,-0.01375461,0.023334791,29.24,2,2,1,1
592.6,592.7400489,592.6779286,-0.015581913,0.022453007,29.8,1,2,1,1
595.91,595.4223152,595.6613791,-0.010083391,0.021274457,32.56,2,2,1,1
564.46,569.2234331,566.8601061,-0.062327652,0.02003009,-2.76,1,1,1,2
563.9,564.7189897,564.1277005,-0.063257916,0.019969936,-13.25,1,1,2,2
560.04,560.7598446,560.3544385,-0.069670089,0.020035319,-20.42,1,1,1,2
552.87,554.0838222,553.445726,-0.081580783,0.020379601,-27.59,1,1,1,2
561.15,560.0628957,560.5573635,-0.067826174,0.021754378,-30.89,2,1,1,2
557.28,557.7081378,557.5321049,-0.074254959,0.022343052,-26.49,1,1,1,2
552.32,553.1489443,552.7209311,-0.082494435,0.023863243,-23.17,1,1,1,2
551.77,551.9821453,551.8431485,-0.083408087,0.025863697,-29.24,1,1,1,2
545.7,546.6664839,546.1725499,-0.093491478,0.027695596,-36.69,1,1,1,2
549.01,548.6494591,548.7917346,-0.087992957,0.029753792,-48,2,1,1,2
553.42,552.6860706,553.0639796,-0.080667132,0.03134057,-39.73,2,1,1,2
553.42,553.3070878,553.3926138,-0.080667132,0.032386047,-48,2,1,1,2
557.28,556.6687827,556.9809703,-0.065687557,0.033323332,-44.7,2,1,1,2
549.01,550.1882743,549.6231516,-0.07870316,0.033898593,-47.45,1,1,1,2
553.97,553.388196,553.635627,-0.070379755,0.034264863,-37.8,2,1,1,2
550.11,550.6143379,550.3812021,-0.076857244,0.034318321,-41.66,1,1,1,2
537.97,539.9152827,538.9247079,-0.097229447,0.033770359,-50.76,1,1,1,2
545.14,544.3361973,544.6619006,-0.085197429,0.033808399,-33.66,2,1,1,2
556.18,554.3578765,555.2939924,-0.066671142,0.033337096,-32,2,1,1,2
554.52,554.4950579,554.5795379,-0.069456797,0.032447159,-38.08,2,1,1,2
553.97,554.0507781,554.0168875,-0.070379755,0.031414539,-38.63,1,1,1,2
551.77,552.1208889,551.9428375,-0.074071588,0.030478879,-41.93,1,1,1,2
557.28,556.4862906,556.869449,-0.064825225,0.030218234,-35.32,2,1,1,2
557.28,557.1578909,557.2484192,-0.012720122,0.02891523,-38.63,2,2,1,2
555.08,555.3996755,555.2468015,-0.015641071,0.026835278,-9.38,1,2,1,2
552.87,553.2591808,553.0528309,-0.014755413,0.024372611,-11.03,1,2,1,2
544.04,545.4583355,544.7332947,-0.030490956,0.021160663,-16,1,1,1,2
538.52,539.5874362,538.9979457,-0.040327898,0.017587413,-14.35,1,1,2,2
536.87,537.2880671,537.0336881,-0.036624318,0.011514867,-24.28,1,1,2,2
536.87,536.934318,536.8825914,-0.036624318,0.012005972,-20.41,1,1,2,2
529.14,530.3391258,529.735584,-0.050495263,0.012298461,-23.18,1,1,2,2
530.8,530.7290963,530.7181218,-0.047516509,0.013931405,-20.97,1,1,2,2
532.45,532.1852456,532.3167786,-0.044555699,0.015308054,-13.25,2,1,2,2
535.21,534.7446532,534.9874445,-0.039603072,0.015710555,-13.8,2,1,2,2
532.45,532.8030236,532.645188,-0.044555699,0.015961849,-20.97,1,1,2,2
535.21,534.8396959,535.0127068,-0.039603072,0.016631888,-18.21,2,1,2,2
534.11,534.2222609,534.179439,-0.041576945,0.016971772,-23.17,1,1,2,2
535.76,535.5234248,535.6384184,-0.038616136,0.017451641,-13.25,2,1,2,2
539.07,538.524373,538.8060322,-0.032676572,0.017723292,-14.9,2,1,2,2
546.25,545.061442,545.6773871,-0.019792564,0.01758687,-3.86,2,2,2,2
546.25,546.0671449,546.2059529,-0.019792564,0.017325059,8.28,2,2,2,1
553.97,552.7541761,553.3727656,-0.005939564,0.016726787,8.83,2,2,2,1
547.9,548.6467963,548.320982,-0.016831754,0.016995423,-8.28,1,2,2,2
546.25,546.6187379,546.4093063,-0.019792564,0.01669918,-8.27,1,2,2,2
550.11,549.5728828,549.8253313,-0.012866064,0.016575209,-3.86,2,2,2,2
557.28,556.0942897,556.7065639,0,0.016567144,5.51,2,2,2,1
554.52,554.7621984,554.6881972,-0.004952627,0.017152906,-2.76,1,2,2,2
556.73,556.4272613,556.5729382,-0.000986937,0.017025806,-0.55,2,2,2,2
561.15,560.4234248,560.7979183,0.006944444,0.017190904,6.07,2,2,2,1
561.7,561.5036038,561.6306091,0.00098013,0.017815996,8.83,2,2,2,1
561.15,561.2044006,561.1869699,-0.00097917,0.018573311,17.11,1,2,2,1
557.28,557.8837539,557.5805361,-0.007868969,0.01891898,18.76,1,2,2,1
560.04,559.7082698,559.8508105,-0.002955314,0.018915681,23.17,2,2,2,1
555.63,556.2574261,555.9546777,-0.01080648,0.019293156,18.76,1,2,2,1
557.83,557.5880656,557.6857444,-0.006889799,0.019435721,28.69,2,2,2,1
557.28,557.3273947,557.3112111,-0.007868969,0.0198472,26.48,1,2,2,1
564.46,563.3626761,563.9100932,0.004913655,0.019980616,32.01,2,2,2,1
577.15,575.0288732,576.1315456,0.022481664,0.020482735,41.94,2,2,1,1
578.25,577.754442,578.087042,0.001905917,0.022329304,45.8,2,2,1,1
578.8,578.6391449,578.7451571,0.000951146,0.023181228,43.59,2,2,1,1
588.73,587.1775608,587.9619352,0.017156185,0.023813651,54.62,2,2,1,1
596.46,595.0319324,595.8063027,0.013129958,0.025548541,60.7,2,2,1,1
586.53,587.8379896,587.2435617,-0.016648225,0.028112107,47.46,1,2,1,1
582.66,583.4566138,583.0125817,-0.023136505,0.02839144,36.41,1,1,1,1
574.94,576.2502483,575.5609678,-0.036079536,0.028190091,28.69,1,1,1,1
605.29,600.8223459,603.0031514,0.01480401,0.026952022,51.32,2,2,1,1
610.8,609.2649763,610.2002424,0.009103075,0.028874336,62.9,2,2,1,1
621.29,619.4399964,620.4369417,0.017174198,0.03117213,75.04,2,2,1,1
623.49,622.8669225,623.2551494,0.003541019,0.034874499,73.38,2,2,1,1
617.98,618.7318342,618.3857807,-0.008837351,0.037913177,60.7,1,2,1,1
622.94,622.2925899,622.5896754,-0.000882131,0.039955537,68.42,2,2,1,1
621.29,621.4442446,621.389975,-0.003528525,0.041623279,64.56,1,2,1,1
618.53,618.9783453,618.7499981,-0.00795522,0.0423994,57.38,1,2,1,1
624.05,623.2697454,623.6423075,0.00089817,0.042726441,62.35,2,2,1,1
628.46,627.6614993,628.0894083,0.007066741,0.043668293,67.31,2,2,1,1
645.01,642.3409999,643.708416,0.026334214,0.044350939,87.73,2,2,1,1
645.01,644.5993846,644.9098782,0,0.046455063,84.97,2,2,1,1
632.32,634.2091361,633.2884522,-0.019674114,0.048215025,76.69,1,2,1,1
633.98,634.0152517,633.926804,-0.01710051,0.04831741,76.15,1,2,1,1
629.56,630.2454233,629.895908,-0.023953117,0.048136815,72.28,1,1,1,1
635.08,634.336219,634.6812237,-0.01539511,0.046921902,70.62,2,2,1,1
641.7,640.5671106,641.1600941,-0.005131703,0.045887863,64.55,2,2,1,1
637.84,638.2595555,638.0953919,-0.011116107,0.044394038,59.59,1,2,1,1
638.39,638.3699316,638.3673378,-0.010263407,0.042292381,59.59,1,2,1,1
640.05,639.7915279,639.9205644,-0.007689803,0.039532178,51.32,2,2,1,1
642.81,642.3456197,642.5877357,-0.0034108,0.037132897,46.35,2,2,1,1
632.32,633.862403,633.1098258,-0.019674114,0.035877342,45.79,1,2,1,1
630.12,630.6957543,630.3499866,-0.023084913,0.033809001,47.46,1,1,1,1
616.87,618.9970391,617.906922,-0.043627231,0.031357899,41.93,1,1,1,1
618.53,618.6018522,618.4820709,-0.041053627,0.029655488,13.24,1,1,1,1
620.74,620.4110542,620.5663131,-0.037627324,0.02852694,9.94,2,1,1,1
618.53,618.819393,618.6866395,-0.041053627,0.026127705,-2.76,1,1,1,2
608.05,609.7068297,608.868203,-0.057301437,0.02277125,-15.44,1,1,1,2
606.39,606.9002815,606.580631,-0.059875041,0.017471626,-11.59,1,1,2,2
605.29,605.5377356,605.3892793,-0.061580441,0.017348818,-17.65,1,1,2,2
606.94,606.724267,606.8207138,-0.059022341,0.017895456,-14.35,2,1,2,2
601.42,602.2360411,601.8354395,-0.067580348,0.018816927,-17.11,1,1,2,2
608.05,607.1555448,607.5719569,-0.057301437,0.020243261,-16,2,1,1,2
611.91,611.1785454,611.5763044,-0.051317034,0.020804356,-16.55,2,1,1,2
615.77,615.0636224,615.447408,-0.045332631,0.021184943,-29.24,2,1,1,2
620.18,619.392865,619.8159545,-0.035204804,0.02133702,-24.83,2,1,1,2
613.56,614.4573638,614.0412273,-0.045503337,0.021304249,-18.76,1,1,1,2
620.74,619.7734406,620.2247098,-0.034333629,0.021570062,-13.24,2,1,1,2
611.91,613.1197601,612.5495931,-0.048070192,0.021580675,-17.65,1,1,1,2
609.15,609.7607323,609.4115072,-0.05236384,0.020925732,-25.93,1,1,1,2
604.18,605.0385742,604.5824236,-0.060095518,0.020212547,-37.52,1,1,1,2
611.91,610.8528576,611.3463403,-0.048070192,0.020614998,-25.93,2,1,1,2
619.08,617.8142858,618.4851031,-0.036916041,0.020369677,-19.31,2,1,1,2
623.49,622.6168132,623.1050079,-0.030055537,0.020156346,-16.56,2,1,1,2
633.43,631.7664328,632.6357698,0.00175544,0.019619496,-9.38,2,2,2,2
631.22,631.3040666,631.3289054,-0.003488941,0.018888246,-1.1,2,2,2,2
638.39,637.2998564,637.8468389,0.007830384,0.018364617,8.27,2,2,2,1
636.74,636.8261318,636.8251415,-0.002584627,0.018366304,19.87,1,2,2,1
627.36,628.816328,628.0880878,-0.01727784,0.01804285,8.83,1,2,2,1
629.01,628.9802043,628.9390837,-0.014693213,0.016653757,8.27,1,2,2,1
624.6,625.2738776,624.9337757,-0.021601216,0.016421721,6.07,1,1,2,1
624.6,624.7036735,624.6256751,-0.021601216,0.016120923,16.55,1,1,2,1
615.77,617.1444113,616.4512058,-0.035432886,0.016254788,9.38,1,1,2,1
615.77,615.9814479,615.8224004,-0.035432886,0.016268405,10.48,1,1,2,1
617.43,617.2071458,617.3063385,-0.032832594,0.016255864,10.49,2,1,2,1
625.15,623.9280224,624.5466414,-0.020739673,0.016247471,23.73,2,1,2,1
627.91,627.2973881,627.6512801,-0.016416297,0.016102206,19.86,2,2,2,1
630.12,629.685752,629.9300985,-0.012954464,0.015901942,18.21,2,2,2,1
622.39,623.5124234,622.9700076,-0.025063049,0.015637775,6.62,1,1,2,1
626.25,625.8288344,625.9976929,-0.019016589,0.015111895,6.07,2,2,2,1
624.05,624.3236668,624.1998225,-0.022462758,0.013985621,10.49,1,1,2,1
622.94,623.1528718,623.0369094,-0.024201507,0.013377281,2.2,1,1,2,1
620.74,621.111211,620.9166853,-0.027647676,0.013013484,8.83,1,1,2,1
625.7,624.9940325,625.3320527,-0.019878131,0.012861594,16.55,2,2,2,1
